method ConCaseRatio nmatch exptype beta ncov pfail bias bias.SE MSE MSE.se cover cover.se test.rej test.rej.se
CLR 1 10 continuous 0 0 0.0018 0.0494027958282154 0.0647015432339509 41.7857981005437 17.2404724184504 0.93235941564939 0.00251354446954346 0.0676405843506104 0.00251354446954346
CLR 4 10 continuous 0 0 0 0.000338653070891186 0.00404924736743543 0.163947760708487 0.00292319325317243 0.942 0.00233743449106066 0.058 0.00233743449106066
CLR 1 20 continuous 0 0 0 -0.00185917359827814 0.00397745838088204 0.158189388067785 0.00372205470227774 0.9453 0.00227393733422889 0.0547 0.00227393733422889
CLR 4 20 continuous 0 0 0 -0.00278848404272122 0.00262846572088769 0.069089187270027 0.00105248931132619 0.9494 0.00219179469841498 0.0506 0.00219179469841498
CLR 1 30 continuous 0 0 0 0.000264364056437605 0.00300772135323688 0.0904549008877857 0.00160766336817647 0.9431 0.00231651440746653 0.0569 0.00231651440746653
CLR 4 30 continuous 0 0 0 -0.000813572780559367 0.00212756109641778 0.0452612975743546 0.000676732412280961 0.9473 0.00223433905215838 0.0527 0.00223433905215838
CLR 1 40 continuous 0 0 0 0.0026014749958357 0.00250633537891522 0.062817656271143 0.00103346731655786 0.9422 0.00233364864536202 0.0578 0.00233364864536202
CLR 4 40 continuous 0 0 0 -0.00359068129336412 0.00182870679097113 0.0334512340970625 0.000495357027304511 0.9478 0.00222430123859157 0.0522 0.00222430123859157
CLR 1 50 continuous 0 0 0 -0.000400733174943514 0.00217377383610739 0.0472483621998375 0.000747292455389855 0.947 0.00224033479640879 0.053 0.00224033479640879
CLR 4 50 continuous 0 0 0 -0.001420725407464 0.00163807738609901 0.02683231039165 0.000386398138486337 0.9453 0.00227393733422889 0.0547 0.00227393733422889
CLR 1 10 binary0.05 0 0 0.0335 -0.0132588134003318 0.18467289152072 329.581974596534 1.73208597591462 1 0 0 0
CLR 4 10 binary0.05 0 0 0 -7.87501672458457 0.127527747219868 224.632888195928 1.67113727507178 0.996 0.00063118935352238 0.004 0.00063118935352238
CLR 1 20 binary0.05 0 0 0.0183 0.361441395794017 0.150488625141554 222.431886813895 1.92754066712206 0.9998 0.000142719123070616 2e-04 0.000142719123070624
CLR 4 20 binary0.05 0 0 0 -5.68419046046763 0.0964078701402661 125.24550096327 1.6349102970038 0.9832 0.00128521437900453 0.0168 0.00128521437900453
CLR 1 30 binary0.05 0 0 0.0094 -0.281812366657317 0.124044175223651 152.487231325495 1.86250249575455 0.9987 0.00036202623126782 0.0013 0.000362026231267824
CLR 4 30 binary0.05 0 0 0 -3.58906185169197 0.07736051820377 72.7218780930517 1.38041097767389 0.9754 0.00154902679124668 0.0246 0.00154902679124668
CLR 1 40 binary0.05 0 0 0.0055 0.0363288724000208 0.101481212060486 102.408971361148 1.63596765101213 0.9935 0.000805820330612695 0.0065 0.000805820330612698
CLR 4 40 binary0.05 0 0 0 -2.26393521599227 0.0618600454598037 43.3882282398753 1.1186978255607 0.974 0.00159135162676261 0.026 0.00159135162676261
CLR 1 50 binary0.05 0 0 0.0026 0.19081743001456 0.0819115107423781 66.9502108316025 1.40826726843216 0.9853 0.00120505876754889 0.0147 0.00120505876754889
CLR 4 50 binary0.05 0 0 0 -1.35252417819608 0.0484885482229218 25.3383636009632 0.880798986987192 0.9739 0.00159432713079844 0.0261 0.00159432713079844
CLR 1 10 binary0.1 0 0 0.0361 -0.139910640029912 0.165197186467623 263.041659184484 2.10239374377426 1 0 0 0
CLR 4 10 binary0.1 0 0 0 -5.36501158005999 0.10403216434045 136.999438736544 1.77514816285413 0.9872 0.00112410675649602 0.0128 0.00112410675649602
CLR 1 20 binary0.1 0 0 0.0117 -0.042271413097493 0.112044685797036 124.060529655324 1.85732150594927 0.9968 0.000568112841562976 0.0032 0.000568112841562977
CLR 4 20 binary0.1 0 0 0 -2.09576592794062 0.0627594024755988 43.7757220730598 1.17531845926764 0.9742 0.00158538197290117 0.0258 0.00158538197290117
CLR 1 30 binary0.1 0 0 0.0027 0.0533608525999368 0.0757966858939439 57.2933594530534 1.38253573808116 0.9784 0.00145570102589348 0.0216 0.00145570102589348
CLR 4 30 binary0.1 0 0 0 -0.813183765534347 0.0383558168970429 15.3714835662336 0.721887539119158 0.9674 0.00177587274318854 0.0326 0.00177587274318854
CLR 1 40 binary0.1 0 0 3e-04 -0.00037194434701067 0.0502279570237585 25.2183854154804 0.943535104741115 0.9575 0.00201757185221584 0.0425 0.00201757185221584
CLR 4 40 binary0.1 0 0 0 -0.358435247781993 0.0240866964508638 5.9295851170672 0.445681026669534 0.96 0.00195959179422654 0.04 0.00195959179422654
CLR 1 50 binary0.1 0 0 0 0.00906365653700401 0.0320779993540149 10.2890335773894 0.603542018756005 0.9465 0.00225028331549607 0.0535 0.00225028331549607
CLR 4 50 binary0.1 0 0 0 -0.152718097505457 0.0140471248567421 1.99634266299794 0.244381226211335 0.9471 0.00223833844625874 0.0529 0.00223833844625874
CLR 1 10 binary0.2 0 0 0.0234 0.0387131771630323 0.130739197912521 166.912084018532 2.14830199513207 0.9993 0.000267632347671914 7e-04 0.000267632347671908
CLR 4 10 binary0.2 0 0 0 -1.9204914786562 0.0650606810439539 46.0129768064044 1.25999254950496 0.9779 0.00147008809259854 0.0221 0.00147008809259854
CLR 1 20 binary0.2 0 0 0.001 -0.0231860656644865 0.0596091056420769 35.4939066478952 1.16298037890517 0.9749 0.00156507138765248 0.0251 0.00156507138765248
CLR 4 20 binary0.2 0 0 0 -0.298714027986487 0.0232531681122035 5.49578763323262 0.440243653859662 0.954 0.00209485083001153 0.046 0.00209485083001153
CLR 1 30 binary0.2 0 0 0 0.000779996529078584 0.0309741454332733 9.59301806392466 0.611851513209171 0.9443 0.00229341470301383 0.0557 0.00229341470301383
CLR 4 30 binary0.2 0 0 0 -0.0897207567588838 0.00910195823469723 0.836423405611408 0.13800106717902 0.944 0.00229921725811199 0.056 0.00229921725811199
CLR 1 40 binary0.2 0 0 0 0.0183911884229034 0.01439346612383 2.07184973452293 0.262761389686025 0.9358 0.00245108873768373 0.0642 0.00245108873768373
CLR 4 40 binary0.2 0 0 0 -0.036542181521133 0.0054166440476452 0.294706318386485 0.0384617347264831 0.9487 0.00220608952674183 0.0513 0.00220608952674183
CLR 1 50 binary0.2 0 0 0 -0.0106047889126938 0.00884253897337574 0.781939226009065 0.135737079883182 0.9414 0.00234874519690834 0.0586 0.00234874519690834
CLR 4 50 binary0.2 0 0 0 -0.020891398367246 0.00444862336312294 0.198319158545145 0.00309611676397903 0.947 0.00224033479640879 0.053 0.00224033479640879
CLR 1 10 continuous 0.5 0 0.0101 0.397618870415906 0.0528126804212255 27.7653966191017 12.4581631161347 0.939987937273824 0.00238717773584879 0.20205066344994 0.00403573031665202
CLR 4 10 continuous 0.5 0 0 0.0593919921306734 0.0044980491909804 0.205831641527521 0.00503828018600347 0.9454 0.00227197799285116 0.2926 0.00454956305594285
CLR 1 20 continuous 0.5 0 1e-04 0.0961505310438891 0.00611880060328678 0.383567253406202 0.096800044051658 0.9376 0.00241892726656096 0.3508 0.0047724431501446
CLR 4 20 continuous 0.5 0 0 0.0246889408762778 0.0028587296173623 0.0823247217184106 0.00154404860854989 0.947 0.00224033479640879 0.5147 0.0049978386328492
CLR 1 30 continuous 0.5 0 0 0.0532759836732677 0.00351074115458643 0.126079039677968 0.0028149618824167 0.9414 0.00234874519690834 0.4756 0.00499404285123786
CLR 4 30 continuous 0.5 0 0 0.0189766342101536 0.00227894105842796 0.0522906425514855 0.000853414505269046 0.9479 0.00222228688517032 0.6871 0.00463674012642503
CLR 1 40 continuous 0.5 0 0 0.0450473676526003 0.00283573780210676 0.0824353127465187 0.00188191867804329 0.9501 0.00217738352156895 0.6048 0.00488893608058031
CLR 4 40 continuous 0.5 0 0 0.0133185295541458 0.00192939022014351 0.0373991268987171 0.000593944293969467 0.9479 0.00222228688517032 0.8068 0.00394808510546569
CLR 1 50 continuous 0.5 0 0 0.0287412221753277 0.00247444218821755 0.0620485764162972 0.00111311734802998 0.9471 0.00223833844625874 0.6815 0.00465894569618492
CLR 4 50 continuous 0.5 0 0 0.00722785838941587 0.00170995036018984 0.0292886203497969 0.00044882481419217 0.9512 0.00215449669296567 0.8812 0.00323553025020629
CLR 1 10 binary0.05 0.5 0 0.0294 4.79308909971899 0.172775310533543 312.680646578125 1.80581354231824 1 0 0 0
CLR 4 10 binary0.05 0.5 0 0 -4.91207823940414 0.131303591732171 196.517604014523 1.80957303673158 0.9983 0.000411959949509662 0.0126 0.00111540306616039
CLR 1 20 binary0.05 0.5 0 0.0138 3.67356461848834 0.138482971384561 202.604733503642 1.93345965875862 0.9989 0.000333791174789673 5e-04 0.000225109540923354
CLR 4 20 binary0.05 0.5 0 0 -2.93437337447358 0.0872694841887613 84.7625598436771 1.51284369106303 0.9822 0.0013222390101642 0.0597 0.0023693017958884
CLR 1 30 binary0.05 0.5 0 0.0061 2.9925801376366 0.111263968240718 131.984702587911 1.79489483554743 0.9971 0.000539382698594247 0.0055 0.00074184366638441
CLR 4 30 binary0.05 0.5 0 0 -1.52369225659549 0.0564416254945874 34.175023320434 1.03447856714402 0.9775 0.00148302899499639 0.0837 0.00276937375592389
CLR 1 40 binary0.05 0.5 0 0.0023 2.26797999211484 0.0871073600777629 80.8385504294862 1.5059457466751 0.9914 0.000924429288735873 0.0221 0.0014717816157931
CLR 4 40 binary0.05 0.5 0 0 -0.869559313164972 0.0408588536061054 17.4489231332455 0.751865646720248 0.9687 0.00174127281033157 0.1038 0.00305000918031405
CLR 1 50 binary0.05 0.5 0 0.001 1.5928842211442 0.0708023806339672 52.6119084282019 1.27507102564395 0.9877 0.0011027633867186 0.0423 0.00201373437327919
CLR 4 50 binary0.05 0.5 0 0 -0.394494511060071 0.0266266938845577 7.24472521064866 0.482600800325375 0.9618 0.00191678793819243 0.1213 0.00326475588673947
CLR 1 10 binary0.1 0.5 0 0.0311 4.18071700726929 0.151789329024956 240.689918626698 2.12446795976524 0.9999 0.000101587156960329 3e-04 0.000175936519200297
CLR 4 10 binary0.1 0.5 0 0 -2.58421381325713 0.0954647875223661 97.804304073874 1.67150641409772 0.9896 0.00101448706250992 0.0401 0.00196193756271702
CLR 1 20 binary0.1 0.5 0 0.0051 2.67489252908251 0.0992316929496991 105.112298596716 1.76176903170529 0.9962 0.000616844009709755 0.0124 0.00110946004801911
CLR 4 20 binary0.1 0.5 0 0 -0.750037558507568 0.0418613791434748 18.0845546020458 0.797897271277101 0.9673 0.00177850245993645 0.0907 0.00287182015453614
CLR 1 30 binary0.1 0.5 0 8e-04 1.44417604770685 0.0655173751499328 44.9722761841213 1.24632516207828 0.9819 0.00133366484903203 0.0543 0.00226699413539778
CLR 4 30 binary0.1 0.5 0 0 -0.201945922903349 0.0192221270587198 3.73531435222431 0.350548379146493 0.9548 0.00207742532958468 0.121 0.00326127275768219
CLR 1 40 binary0.1 0.5 0 2e-04 0.830887736372883 0.044483349476754 20.4721219320236 0.85531211857457 0.966 0.00181247262362836 0.1066 0.00308634883151953
CLR 4 40 binary0.1 0.5 0 0 -0.0879215054842579 0.0102597672097943 1.06025316029513 0.162808714087616 0.9491 0.00219793516737869 0.1407 0.00347711820334023
CLR 1 50 binary0.1 0.5 0 0 0.399908366492848 0.0296940816855541 8.9764298345874 0.569144273710424 0.9589 0.00198521510169553 0.1289 0.00335089226923218
CLR 4 50 binary0.1 0.5 0 0 -0.0370238449787499 0.00631732299229997 0.40041655441764 0.0676658384711953 0.9492 0.00219589070766284 0.1773 0.00381922387403514
CLR 1 10 binary0.2 0.5 0 0.0167 3.25843808176983 0.119411637216418 150.813274390532 2.08914103102272 0.9985 0.000390280312940019 0.0022 0.000472487224979404
CLR 4 10 binary0.2 0.5 0 0 -0.535488650454725 0.0496974449035229 24.9826385581228 0.976487191854335 0.9732 0.00161498482965011 0.072 0.00258487910742456
CLR 1 20 binary0.2 0.5 0 3e-04 1.30029260372789 0.0590983091602832 36.6028918707703 1.17601976433962 0.9783 0.00145723987881863 0.0678 0.00251440105468462
CLR 4 20 binary0.2 0.5 0 0 -0.047647980516931 0.0113590162573103 1.2924138061354 0.183389776523581 0.9455 0.00227001651976368 0.1318 0.00338273203195287
CLR 1 30 binary0.2 0.5 0 0 0.446973263309956 0.0311979853930896 9.93195470969584 0.621857378483025 0.9567 0.00203531594598971 0.1262 0.00332074630166172
CLR 4 30 binary0.2 0.5 0 0 -0.0182913620469147 0.00538772688453162 0.290581556147598 0.00457792566437556 0.9498 0.00218357413430367 0.1663 0.00372349714650085
CLR 1 40 binary0.2 0.5 0 0 0.156830574580127 0.0166850818979915 2.808237016592 0.314272464706893 0.9457 0.00226608715631151 0.1641 0.00370366291662727
CLR 4 40 binary0.2 0.5 0 0 -0.0114992482640453 0.0045740399834819 0.209329728573778 0.00321214724117184 0.948 0.00222027025382047 0.2031 0.00402306338503385
CLR 1 50 binary0.2 0.5 0 0 0.063483383168218 0.00899081187095552 0.812296286229559 0.140927808859695 0.9391 0.00239146795922504 0.1769 0.00381584053650044
CLR 4 50 binary0.2 0.5 0 0 -0.0138292768505164 0.0040009315081012 0.160249770770444 0.00248161356005842 0.9522 0.00213342822705616 0.2407 0.00427508491143743
CLR 1 10 continuous 1 0 0.0535 2.11657643617213 0.190099609825155 346.488618519478 59.4153484900269 0.966203607713042 0.0018574160307219 0.504768816089571 0.00513913399247532
CLR 4 10 continuous 1 0 7e-04 0.166608864710247 0.00986518024038144 1.00019775130276 0.434456643552052 0.940388077615523 0.00236849339075917 0.778955791158232 0.00415095506570461
CLR 1 20 continuous 1 0 0.0021 0.319247651368111 0.0306439338771234 9.4717667825229 4.8856669292436 0.94306014209947 0.00231971362413674 0.851295907134994 0.00356170726705581
CLR 4 20 continuous 1 0 0 0.06341938175578 0.00365144150439948 0.137338935557737 0.00327040211859778 0.9484 0.00221218082443547 0.9747 0.00157034741379097
CLR 1 30 continuous 1 0 2e-04 0.138387465424302 0.00591199212950035 0.368562745026486 0.0401909367905575 0.941194119411941 0.00235284552745126 0.961296129612961 0.00192907551611635
CLR 4 30 continuous 1 0 0 0.0391188892784641 0.0028317642106719 0.0817111540582581 0.00157333143399983 0.9435 0.00230884711490389 0.9974 0.000509238647394328
CLR 1 40 continuous 1 0 1e-04 0.0973936364888487 0.00421927639578743 0.187472848882404 0.00692167140735289 0.943594359435944 0.00230714904618961 0.990699069906991 0.000959965849749192
CLR 4 40 continuous 1 0 0 0.0301283020960299 0.00236839715697755 0.0569951562138896 0.00100874151162334 0.9497 0.0021856328602947 0.9999 9.99949998749882e-05
CLR 1 50 continuous 1 0 0 0.0731919317885165 0.00358721320173635 0.134025176327496 0.00401381525108965 0.9439 0.00230114732253283 0.9981 0.000435475602072035
CLR 4 50 continuous 1 0 0 0.0226107608482276 0.00207425095884026 0.0435321143915931 0.000741909476337197 0.9511 0.00215658966889856 1 0
CLR 1 10 binary0.05 1 0 0.0253 8.24823350923655 0.153745094501556 298.404958118679 1.79634310787205 0.9981 0.000441091151020708 0 0
CLR 4 10 binary0.05 1 0 0 -1.41049025891898 0.129849270852056 170.580953345466 1.86877507702858 0.9992 0.000282729552753161 0.0364 0.0018728331479339
CLR 1 20 binary0.05 1 0 0.0097 6.52059027281295 0.121377727268554 188.399834112364 1.88580951859253 0.9863 0.00116810372969885 0.0054 0.000736440590962343
CLR 4 20 binary0.05 1 0 0 -0.735873809067708 0.0736355744683287 54.7580663378517 1.31175855337926 0.986 0.00117490425141796 0.1516 0.00358632736932924
CLR 1 30 binary0.05 1 0 0.0027 4.96917856912746 0.099892884721773 124.199219356543 1.7323617095749 0.9767 0.0015105866590657 0.0311 0.00173822808617709
CLR 4 30 binary0.05 1 0 0 -0.348991983855653 0.0413913453161327 17.2525168321215 0.766246944461433 0.9624 0.00190226811990318 0.2546 0.00435636132569373
CLR 1 40 binary0.05 1 0 5e-04 3.64670706211853 0.0829014504761119 81.9837414043908 1.50479387914642 0.9711 0.00167567387682411 0.0922 0.00289380425245485
CLR 4 40 binary0.05 1 0 0 -0.168163743694012 0.0246633381640685 6.11047325839573 0.450816628036026 0.9509 0.00216076815045021 0.318 0.00465699473909945
CLR 1 50 binary0.05 1 0 3e-04 2.65541024538043 0.0696177762075799 55.4981646731005 1.28774925748294 0.971 0.0016783161274048 0.1623 0.00368781113742225
CLR 4 50 binary0.05 1 0 0 -0.0771203836734859 0.0137972842291405 1.90940770952276 0.232896622908578 0.9519 0.00213977545550929 0.3746 0.0048401946241861
CLR 1 10 binary0.1 1 0 0.0215 7.48139708354368 0.134334889791673 232.532022150152 2.06530054131757 0.9899 0.00101082490585228 9e-04 0.000303141446922233
CLR 4 10 binary0.1 1 0 1e-04 -0.32167196540541 0.0855404418403819 73.2605104214263 1.5397584652364 0.9912 0.000933993166101035 0.1026 0.0030345089923219
CLR 1 20 binary0.1 1 0 0.0027 4.38760987234287 0.0943454256029276 108.012484052561 1.75618009407128 0.9712 0.00167470250998252 0.0489 0.00215950697382504
CLR 4 20 binary0.1 1 0 0 -0.0348247353997454 0.0299664146373267 8.9801748383513 0.572935971238329 0.9597 0.00196661918021766 0.2755 0.0044676587828526
CLR 1 30 binary0.1 1 0 0 2.5678558878785 0.0697315837800351 55.2139591318583 1.34989724852761 0.9731 0.00161791192590944 0.1735 0.00378678953732578
CLR 4 30 binary0.1 1 0 0 -0.00488364706479285 0.0096488885280284 0.93094124722201 0.139951122660557 0.9476 0.00222832313635164 0.3856 0.00486736725550888
CLR 1 40 binary0.1 1 0 0 1.31842255231291 0.0497266976945027 26.463209917987 0.967373106827211 0.9773 0.00148945325539273 0.2915 0.00454453242919445
CLR 4 40 binary0.1 1 0 0 -0.0125046101877852 0.00652180537654039 0.42545328502529 0.0685163255944563 0.9453 0.00227393733422889 0.4776 0.00499497987983936
CLR 1 50 binary0.1 1 0 0 0.750554521998432 0.0372320138613495 14.4241744293534 0.721605700281519 0.9662 0.00180714028232454 0.3763 0.00484456716332842
CLR 4 50 binary0.1 1 0 0 -0.00817111637150684 0.00483122104179062 0.233450393992406 0.00382630300580954 0.9494 0.00219179469841498 0.5743 0.00494448692990486
CLR 1 10 binary0.2 1 0 0.0086 6.1121102796461 0.111666434869521 160.966981672388 2.07116208262433 0.976 0.00153711397974446 0.0088 0.000937988525127106
CLR 4 10 binary0.2 1 0 0 0.460470958992821 0.0442908646431458 19.8268787317597 0.88505639632796 0.9727 0.00162956159748565 0.1947 0.00395969582165095
CLR 1 20 binary0.2 1 0 0 2.28719288078706 0.0666974379663844 49.7122850384889 1.34285308766087 0.9738 0.00159729646590732 0.1906 0.00392774286327402
CLR 4 20 binary0.2 1 0 0 0.0322487891182342 0.0117629379780182 1.38456871643677 0.201660154697882 0.944 0.00229921725811199 0.3862 0.00486877356220229
CLR 1 30 binary0.2 1 0 0 0.842349482440225 0.0403347885600703 16.976877437255 0.809330913541083 0.9678 0.0017653090381007 0.3559 0.00478785118816364
CLR 4 30 binary0.2 1 0 0 0.0214062026288156 0.00599926614817592 0.360334177483166 0.0629349897437867 0.9483 0.00221420662992414 0.541 0.00498316164698678
CLR 1 40 binary0.2 1 0 0 0.360233442394034 0.0253166748498096 6.5384674535032 0.498372926349589 0.9516 0.00214609971809327 0.449 0.00497392199375905
CLR 4 40 binary0.2 1 0 0 0.00475188963139625 0.00438459042046868 0.192249687374571 0.0029658370239883 0.9483 0.00221420662992414 0.6525 0.00476176175380499
CLR 1 50 binary0.2 1 0 0 0.155321460685762 0.0147214138856614 2.19110830405218 0.275139546086031 0.9457 0.00226608715631151 0.5371 0.00498621690262267
CLR 4 50 binary0.2 1 0 0 0.00246094954853827 0.00392423590111174 0.153986930721016 0.00236511266685956 0.9477 0.00222631332026739 0.7462 0.00435184512592073
CLR 1 10 continuous 1.5 0 0.1433 5.47607466414433 0.325559790342779 937.890684663382 90.6332591943706 0.977267637178052 0.00161032918725846 0.746808510638298 0.00469801931045453
CLR 4 10 continuous 1.5 0 0.0083 0.600148886124283 0.073020062953865 53.2315925375022 17.0674923194533 0.944310656231186 0.00230278471874087 0.968994581577363 0.00174056127139643
CLR 1 20 continuous 1.5 0 0.0263 1.313989855753 0.1323057858504 172.153506299995 35.8067790935312 0.955939086294416 0.00207983687643481 0.975228426395939 0.0015751335748115
CLR 4 20 continuous 1.5 0 1e-04 0.13961183512059 0.00570148837490636 0.344496147458284 0.020302009382392 0.942394239423942 0.00233008081836514 0.999899989999 0.00010000499987492
CLR 1 30 continuous 1.5 0 0.0057 0.491613217092379 0.0607104813699681 36.8855348091583 15.5771330455498 0.94197815412366 0.00234453902681515 0.995290109229382 0.000686628051434336
CLR 4 30 continuous 1.5 0 0 0.0808301328971455 0.00395504268226734 0.162941494207116 0.00395205200472439 0.9462 0.00225622605250449 1 0
CLR 1 40 continuous 1.5 0 0.0012 0.228425077589411 0.00988620011879924 1.02827696357493 0.2406075828958 0.941776710684274 0.00234305819298908 0.999199679871949 0.000282955894832549
CLR 4 40 continuous 1.5 0 0 0.0565355847246313 0.00330174548616515 0.11220060337102 0.00252780096273444 0.9447 0.00228564892317259 1 0
CLR 1 50 continuous 1.5 0 9e-04 0.156944856535073 0.00591009720522692 0.373574885255373 0.0161907953719193 0.944550095085577 0.00228959370005262 1 0
CLR 4 50 continuous 1.5 0 0 0.0438569644645598 0.00282948503426203 0.0819752829376147 0.00161756884697829 0.9508 0.00216285367050108 1 0
CLR 1 10 binary0.05 1.5 0 0.0182 11.0473888321543 0.131438508781395 291.644092984469 1.69829018898031 0.9975 0.000503981903660992 2e-04 0.000142711854647453
CLR 4 10 binary0.05 1.5 0 0 1.74660867656462 0.122937366056496 154.171488002165 1.86247253690302 0.9987 0.00036032069049667 0.0789 0.00269582621843471
CLR 1 20 binary0.05 1.5 0 0.0031 8.82027821967493 0.107753971203471 193.534941587731 1.82052114598445 0.9863 0.00116423057931392 0.0193 0.0013779102924354
CLR 4 20 binary0.05 1.5 0 0 0.793734221181342 0.0647625588722335 42.5677101416363 1.18617111186366 0.9826 0.001307564147566 0.3294 0.0046999536167924
CLR 1 30 binary0.05 1.5 0 9e-04 6.59152563013532 0.0967820020352856 137.022101753125 1.7439813707896 0.9815 0.00134811374505367 0.1077 0.00310140739908022
CLR 4 30 binary0.05 1.5 0 0 0.312853170677845 0.0338180218144291 11.5333194422158 0.633221693551124 0.9577 0.00201272725424982 0.516 0.00499743934430424
CLR 1 40 binary0.05 1.5 0 0 4.93767848635632 0.086011259679859 98.3526388149965 1.59045545022448 0.9717 0.00165828556045091 0.2428 0.00428775185849181
CLR 4 40 binary0.05 1.5 0 0 0.129217515755864 0.0187434260023714 3.52950603342351 0.335822339354305 0.9494 0.00219179469841498 0.6505 0.00476812069897565
CLR 1 50 binary0.05 1.5 0 0 3.44884669333578 0.0745462317211337 67.4603930116768 1.38603163878635 0.9741 0.00158836991913093 0.3887 0.00487454931250059
CLR 4 50 binary0.05 1.5 0 0 0.0549617051644804 0.0105555712503827 1.11711021316921 0.163771658083114 0.9447 0.00228564892317259 0.7439 0.00436477708480055
CLR 1 10 binary0.1 1.5 0 0.0113 10.1026330139002 0.117498494509276 238.548283764855 1.96733390584361 0.9902 0.000990700156883809 0.0044 0.000665635560120959
CLR 4 10 binary0.1 1.5 0 1e-04 1.67046029592713 0.0809125463977711 68.2457455656542 1.50720968727999 0.9891 0.00103837701374899 0.2303 0.00421045885817444
CLR 1 20 binary0.1 1.5 0 8e-04 5.88212540635162 0.094594243495758 123.999575683274 1.80164641825447 0.9766 0.00151230739564651 0.1489 0.00356132354895427
CLR 4 20 binary0.1 1.5 0 0 0.33796115523233 0.0286915379824781 8.34543805609398 0.556284827182995 0.9563 0.00204426783959441 0.5646 0.00495809277847843
CLR 1 30 binary0.1 1.5 0 0 3.30474939696625 0.0752670472712909 67.566987497732 1.4588539952911 0.9747 0.00157034741379097 0.399 0.00489692760820497
CLR 4 30 binary0.1 1.5 0 0 0.0744517811907547 0.0118070421814447 1.39946611222154 0.200371595933399 0.9466 0.0022482980229498 0.7421 0.00437478673765933
CLR 1 40 binary0.1 1.5 0 0 2.05152324952643 0.0606484885817474 40.9874610766844 1.18126626455939 0.9757 0.00153978927129656 0.5816 0.0049329650312971
CLR 4 40 binary0.1 1.5 0 0 0.0298791137452391 0.00607418829046979 0.369813499555615 0.0585767269933853 0.9452 0.0022758945494025 0.8526 0.0035450421718225
CLR 1 50 binary0.1 1.5 0 0 1.23875635718556 0.0469859606949249 23.6091146562157 0.913965196218851 0.9751 0.00155820377358034 0.7059 0.0045563712535306
CLR 4 50 binary0.1 1.5 0 0 0.0164191869256514 0.0046861633546576 0.21984889943767 0.00362461952595491 0.949 0.00219997727260988 0.916 0.00277387815161373
CLR 1 10 binary0.2 1.5 0 0.0026 8.18668047715912 0.108042938970015 183.439325378025 2.06396474940217 0.9803 0.00139148308846434 0.0331 0.00179130729713391
CLR 4 10 binary0.2 1.5 0 0 1.39864351665676 0.0552908209905363 32.5238954698756 1.11999808162666 0.9748 0.00156732128167775 0.3921 0.00488218793165523
CLR 1 20 binary0.2 1.5 0 0 3.74606144522343 0.0804914322494645 78.8152041364253 1.61152637479117 0.9743 0.00158238775273319 0.3801 0.00485411155619646
CLR 4 20 binary0.2 1.5 0 0 0.146466714613298 0.0158744550438502 2.54118372955888 0.301457510742322 0.949 0.00219997727260988 0.7271 0.00445449873723183
CLR 1 30 binary0.2 1.5 0 0 1.75282609334994 0.0568694684221851 35.4105295633086 1.14309354071713 0.9743 0.00158238775273319 0.6406 0.00479824592950382
CLR 4 30 binary0.2 1.5 0 0 0.033258012995412 0.00565665699057697 0.321051780750527 0.0414614585566377 0.9476 0.00222832313635164 0.8828 0.00321658452399436
CLR 1 40 binary0.2 1.5 0 0 0.788193484925408 0.037565823246016 14.7317485401115 0.750833383029018 0.9755 0.00154595439777504 0.7813 0.00413364621127643
CLR 4 40 binary0.2 1.5 0 0 0.0254908684706325 0.0049792138200563 0.248550694463517 0.0432428510944503 0.9483 0.00221420662992414 0.9516 0.00214609971809327
CLR 1 50 binary0.2 1.5 0 0 0.419391926138231 0.0264972614719848 7.19623613799167 0.523588875250865 0.9613 0.00192879003522934 0.8728 0.00333196878736881
CLR 4 50 binary0.2 1.5 0 0 0.0200857247762107 0.00398994854080166 0.15958441023288 0.0026114418192045 0.9489 0.0022020170299069 0.9833 0.00128144878945669
CLR 1 10 continuous 0 1 0.0161 0.137065794233081 0.0764437910574829 57.5086471273692 16.4468755208905 0.91946715107478 0.00274333699582657 0.0805328489252195 0.00274333699582657
CLR 4 10 continuous 0 1 0 0.00265641966489598 0.00430302105961509 0.185148442970105 0.00392244646741676 0.9433 0.00231268480342653 0.0567 0.00231268480342653
CLR 1 20 continuous 0 1 1e-04 -0.00257087707625777 0.00455715318812074 0.207641525918571 0.008564637746377 0.9321 0.00251586803294527 0.0679 0.00251586803294527
CLR 4 20 continuous 0 1 0 -0.00453533184986861 0.00272253221987089 0.0741349739356516 0.00118116796702898 0.943 0.00231842619032826 0.057 0.00231842619032826
CLR 1 30 continuous 0 1 0 -0.00359317960070614 0.00312137822927087 0.0974331884392543 0.00176785284137983 0.94 0.00237486841740758 0.06 0.00237486841740758
CLR 4 30 continuous 0 1 0 3.75651169504548e-05 0.00217803146025848 0.0474334680088529 0.000740180532499062 0.9437 0.00230500130151807 0.0563 0.00230500130151807
CLR 1 40 continuous 0 1 0 0.00493974310290406 0.00256936132601115 0.0660339756803168 0.00110947388616876 0.9453 0.00227393733422889 0.0547 0.00227393733422889
CLR 4 40 continuous 0 1 0 -0.0015317194670846 0.00183129140372329 0.0335352745898286 0.000496426481000925 0.9483 0.00221420662992414 0.0517 0.00221420662992414
CLR 1 50 continuous 0 1 0 0.0030663764052338 0.00229071314888729 0.0524778226023794 0.000850467075148763 0.941 0.00235624701591323 0.059 0.00235624701591323
CLR 4 50 continuous 0 1 0 0.000478006635317628 0.00164546035530279 0.0270729187592944 0.000385794147502109 0.9467 0.00224631053062572 0.0533 0.00224631053062572
CLR 1 10 binary0.05 0 1 0.0397 0.364552570870452 0.192821786082273 357.1375744637 22.3948355068849 0.999398194583751 0.00025026139546806 0.000601805416248746 0.000250261395468055
CLR 4 10 binary0.05 0 1 1e-04 -8.06431954416545 0.125956541752742 223.652023712691 1.69232607590293 0.9939 0.000778678132454865 0.0061 0.000778678132454865
CLR 1 20 binary0.05 0 1 0.019 -0.0303384080168258 0.150880023596105 223.300662352224 1.93943284098016 0.9996 0.000201887121396904 4e-04 0.000201887121396915
CLR 4 20 binary0.05 0 1 0 -5.59418254354747 0.0976434776102454 126.627831280036 1.64544883823962 0.9797 0.00141024501417307 0.0203 0.00141024501417307
CLR 1 30 binary0.05 0 1 0.0096 0.144598529133506 0.123512745941927 151.095119189996 1.86563295977161 0.9976 0.000491675451488193 0.0024 0.000491675451488197
CLR 4 30 binary0.05 0 1 0 -3.52479891914943 0.0772924099585191 72.1593996757577 1.37748312439378 0.976 0.00153049011757672 0.024 0.00153049011757672
CLR 1 40 binary0.05 0 1 0.0037 0.0354496149390111 0.100235371300405 100.090762345431 1.628809542715 0.9949 0.000713640909974364 0.0051 0.000713640909974365
CLR 4 40 binary0.05 0 1 0 -2.21525486098919 0.0616048426756686 42.855125353434 1.11417983521293 0.976 0.00153049011757672 0.024 0.00153049011757672
CLR 1 50 binary0.05 0 1 0.0019 -0.00134027657399385 0.0799571673209367 63.8036248841045 1.39042632261445 0.989 0.00104401673587884 0.011 0.00104401673587884
CLR 4 50 binary0.05 0 1 0 -1.37510798542021 0.0490202561291277 25.9183740957081 0.889151861792148 0.9725 0.00163535164414263 0.0275 0.00163535164414263
CLR 1 10 binary0.1 0 1 0.0408 0.116944178867795 0.206939328023953 410.737561608474 87.2292393970837 0.998095047122519 0.000445218788698151 0.00190495287748145 0.000445218788698146
CLR 4 10 binary0.1 0 1 3e-04 -5.38059326339662 0.105082197323239 139.329296736134 1.79743539637728 0.9874 0.00111557041427458 0.0126 0.00111557041427458
CLR 1 20 binary0.1 0 1 0.0106 0.131926747371297 0.112992931678214 126.32531867986 1.88133143363579 0.9946 0.000736775463548481 0.0054 0.000736775463548484
CLR 4 20 binary0.1 0 1 1e-04 -2.22103682480323 0.0641114209152512 46.0275269462735 1.20920769866258 0.974 0.00159143120031201 0.026 0.00159143120031201
CLR 1 30 binary0.1 0 1 0.0013 -0.0629949630015271 0.0735320281795856 53.9978626190425 1.35210253060066 0.9826 0.00130841489382944 0.0174 0.00130841489382944
CLR 4 30 binary0.1 0 1 0 -0.797507615065992 0.0380708596794783 15.1284725730768 0.715934682493729 0.9664 0.00180197225283854 0.0336 0.00180197225283854
CLR 1 40 binary0.1 0 1 2e-04 0.0417027736964964 0.0496917626026172 24.6870440130709 0.93948654529084 0.9684 0.00174950168654684 0.0316 0.00174950168654684
CLR 4 40 binary0.1 0 1 0 -0.396502440796157 0.0253969961525423 6.60664331386623 0.471052977070854 0.9555 0.00206203176503176 0.0445 0.00206203176503176
CLR 1 50 binary0.1 0 1 1e-04 0.0205896158953286 0.0348815918941075 12.1652450120472 0.662346662453629 0.9563 0.00204437006065303 0.0437 0.00204437006065303
CLR 4 50 binary0.1 0 1 0 -0.170394877458097 0.0148809703254717 2.24324574926183 0.261336280978202 0.95 0.00217944947177034 0.05 0.00217944947177034
CLR 1 10 binary0.2 0 1 0.0305 0.358209169873412 0.209816648482457 426.887527663488 91.6675582455664 0.992374836961974 0.000883463338524975 0.00762516303802548 0.000883463338524973
CLR 4 10 binary0.2 0 1 0 -1.95701503209942 0.0661223065001234 47.5471298454089 1.28694608531932 0.9754 0.00154902679124668 0.0246 0.00154902679124668
CLR 1 20 binary0.2 0 1 0.0016 -0.147635247273934 0.0649376158761746 42.119048525807 1.27086905736726 0.9735 0.00160745427767252 0.0265 0.00160745427767252
CLR 4 20 binary0.2 0 1 0 -0.306849436870259 0.0235308693554813 5.6306210013422 0.447268619999643 0.9564 0.0020420342798298 0.0436 0.0020420342798298
CLR 1 30 binary0.2 0 1 0 -0.0585691254300393 0.0313966808478317 9.85996027349143 0.619397736582583 0.9499 0.00218151300706643 0.0501 0.00218151300706643
CLR 4 30 binary0.2 0 1 0 -0.0637502205671636 0.00882163571572654 0.782198836375482 0.129746758179035 0.9477 0.00222631332026739 0.0523 0.00222631332026739
CLR 1 40 binary0.2 0 1 0 -0.00371671907200844 0.0166565841491196 2.77415432737214 0.309706826354507 0.9409 0.00235811768154179 0.0591 0.00235811768154178
CLR 4 40 binary0.2 0 1 0 -0.0409759745865885 0.00577475206948909 0.335123297372542 0.0558429881915183 0.9494 0.00219179469841498 0.0506 0.00219179469841498
CLR 1 50 binary0.2 0 1 0 -0.00228565239247314 0.0089400188561432 0.79916467175167 0.130840972583177 0.9395 0.00238410884818626 0.0605 0.00238410884818626
CLR 4 50 binary0.2 0 1 0 -0.0206383064021936 0.00481317358577517 0.232069172719222 0.0387295206309277 0.9499 0.00218151300706643 0.0501 0.00218151300706643
CLR 1 10 continuous 0.5 1 0.0457 1.02797732425834 0.13633419652606 178.414016784032 34.1667408348872 0.938556701030928 0.00245824439844038 0.191752577319588 0.00402995602628757
CLR 4 10 continuous 0.5 1 1e-04 0.0839937730647541 0.00522271339523222 0.279767752530617 0.0241678181051735 0.936593659365937 0.00243704566623278 0.292429242924292 0.0045490116983192
CLR 1 20 continuous 0.5 1 4e-04 0.158557016663925 0.013162226837667 1.75671625971875 1.36431084783607 0.9315 0.00252652495165445 0.3541 0.0047833535504367
CLR 4 20 continuous 0.5 1 0 0.0354689292994701 0.00295605505986099 0.0886319218534319 0.00153644674523485 0.9477 0.00222631332026739 0.5121 0.00499853568557833
CLR 1 30 continuous 0.5 1 0 0.0773806708737572 0.00387485419449946 0.156117704016144 0.00703179547707285 0.9407 0.00236185329773041 0.4744 0.00499344209939396
CLR 4 30 continuous 0.5 1 0 0.0190323133471953 0.00230587885279809 0.0535276847118765 0.00087481870889415 0.9496 0.00218768919181862 0.6739 0.00468784374739602
CLR 1 40 continuous 0.5 1 0 0.0562281548417764 0.00300815549811937 0.0936425514060679 0.00219050640151204 0.9421 0.00233554254938761 0.5971 0.00490480978224436
CLR 4 40 continuous 0.5 1 0 0.010990373937392 0.00196851744452802 0.0388675225524654 0.000606748650133934 0.9462 0.00225622605250449 0.7994 0.00400449297664511
CLR 1 50 continuous 0.5 1 0 0.043871379970436 0.00255322154951665 0.0671075818493912 0.00129752324082886 0.9468 0.00224432083267968 0.6958 0.00460067777615429
CLR 4 50 continuous 0.5 1 0 0.010983299944194 0.00175412483829674 0.0308870954070114 0.00046757212338602 0.9462 0.00225622605250449 0.8785 0.0032670743793186
CLR 1 10 binary0.05 0.5 1 0.0347 4.46814392154585 0.201183160610319 410.625768123843 56.199426341876 0.998896579396128 0.000337908918581798 0.000802487711906911 0.000288213098516254
CLR 4 10 binary0.05 0.5 1 0 -4.71015434521306 0.131353643681166 194.706097259208 1.83552138938769 0.9966 0.00058210308365443 0.0161 0.0012586020022231
CLR 1 20 binary0.05 0.5 1 0.015 3.77971367308368 0.139074238799915 204.782086199688 1.94954487072147 0.9976 0.00049302134919435 0.0023 0.000482664979290504
CLR 4 20 binary0.05 0.5 1 1e-04 -2.93698305462265 0.087585819773953 85.3232851662436 1.5205624694 0.9788 0.0014405774975171 0.0645 0.002456537900755
CLR 1 30 binary0.05 0.5 1 0.0064 2.71610541369 0.110564207655391 128.82707990198 1.79315654110257 0.9933 0.000818411696711388 0.0067 0.000818411696711386
CLR 4 30 binary0.05 0.5 1 0 -1.60407842402858 0.0592291720014213 37.6505076553576 1.08363624384609 0.9753 0.00155209245858615 0.0807 0.0027237384235642
CLR 1 40 binary0.05 0.5 1 0.0026 2.2363166887334 0.0880142448213359 82.2570295501387 1.52264508677043 0.9891 0.00103967755409206 0.0187 0.0013563976252361
CLR 4 40 binary0.05 0.5 1 0 -0.759349795391016 0.0393099428553856 16.0277829130899 0.722086196328112 0.9679 0.00176265680153568 0.1042 0.00305519819324377
CLR 1 50 binary0.05 0.5 1 9e-04 1.56856447301434 0.0705847701594397 52.2326701928275 1.27807433861036 0.9801 0.00139719574160041 0.0331 0.00178978266551859
CLR 4 50 binary0.05 0.5 1 0 -0.374254289931591 0.026101813587358 6.95243169435151 0.471464353812699 0.9616 0.00192159933388831 0.1192 0.00324023702836691
CLR 1 10 binary0.1 0.5 1 0.0339 4.20423678337264 0.192360921689871 375.121922638681 54.382063359795 0.995181206706154 0.000704545735646275 0.00381487802429475 0.000627190270851511
CLR 4 10 binary0.1 0.5 1 1e-04 -2.4514290202822 0.096534416521125 99.179802185076 1.69222450416988 0.9888 0.0010524099755683 0.045 0.00207314490399955
CLR 1 20 binary0.1 0.5 1 0.0046 2.67109088699169 0.100756798055387 108.176909249654 1.79440144492652 0.9891 0.00104072151213607 0.0128 0.00112670115615379
CLR 4 20 binary0.1 0.5 1 0 -0.726670118068243 0.0415872816207074 17.821339884501 0.792653082191981 0.9648 0.00184284996676344 0.0961 0.00294728332536931
CLR 1 30 binary0.1 0.5 1 0.001 1.5104771312326 0.0660211804190251 45.8215570442882 1.26041058773948 0.9791 0.0014312118527204 0.0487 0.00215347822567781
CLR 4 30 binary0.1 0.5 1 0 -0.221453113424303 0.0210434443517257 4.47686415673688 0.387880699682354 0.9471 0.00223833844625874 0.1275 0.00333532232325453
CLR 1 40 binary0.1 0.5 1 0 0.828003060675339 0.0451621099333903 21.0797111886704 0.87173637672852 0.9676 0.00177059989833954 0.0857 0.00279920542297274
CLR 4 40 binary0.1 0.5 1 0 -0.0601385875549833 0.00982797381379476 0.969410753490182 0.149880486460894 0.9478 0.00222430123859157 0.1496 0.00356678903216885
CLR 1 50 binary0.1 0.5 1 0 0.456102272937618 0.0308575009925265 9.72893077304909 0.593017640932934 0.9564 0.0020420342798298 0.1155 0.00319624388931758
CLR 4 50 binary0.1 0.5 1 0 -0.0399611991580621 0.00609801463276165 0.373417536269441 0.0542776219237809 0.9463 0.00225424732449658 0.1752 0.00380138080176138
CLR 1 10 binary0.2 0.5 1 0.0195 3.90301884886564 0.216859174870672 476.295104652276 109.607032112692 0.988052208835341 0.00109726104004445 0.00973895582329317 0.000991761502784524
CLR 4 10 binary0.2 0.5 1 0 -0.463586370150368 0.0501236540991412 25.3362069443925 0.98927979086719 0.9649 0.00184032578637588 0.0806 0.00272219837631279
CLR 1 20 binary0.2 0.5 1 3e-04 1.24242036587342 0.0587030622922419 35.9903193923155 1.17843809789612 0.9742 0.00158561983371713 0.0599 0.00237337078153836
CLR 4 20 binary0.2 0.5 1 0 -0.053853555970297 0.012504373101863 1.56633731284994 0.211015000189288 0.9437 0.00230500130151807 0.1319 0.00338382017843738
CLR 1 30 binary0.2 0.5 1 0 0.459374691287014 0.0322036056634088 10.5807102120207 0.644060373849401 0.9536 0.00210349803898173 0.1169 0.00321301089322772
CLR 4 30 binary0.2 0.5 1 0 -0.0103280224489859 0.00592038432219387 0.350581122321975 0.0404493820559327 0.9461 0.00225820260384227 0.1771 0.0038175331039822
CLR 1 40 binary0.2 0.5 1 0 0.151443801779726 0.0160898704327414 2.61151564659103 0.300714936939459 0.9467 0.00224631053062572 0.1464 0.00353506775041158
CLR 4 40 binary0.2 0.5 1 0 -0.00864396577812049 0.00462495839994119 0.213955729916038 0.00330489927728794 0.9469 0.0022423289232403 0.2039 0.00402895507545071
CLR 1 50 binary0.2 0.5 1 0 0.0730162129067296 0.00874479636088373 0.769969529817102 0.129152914792706 0.9417 0.00234309858947506 0.1734 0.00378592709913965
CLR 4 50 binary0.2 0.5 1 0 -0.00039719406343717 0.00410719603539997 0.168673881435904 0.00258220930897573 0.9496 0.00218768919181862 0.2474 0.00431501147159541
CLR 1 10 continuous 1 1 0.1447 4.80285148719512 0.318901847581138 892.791999925008 87.8282554511308 0.972713039588459 0.00176161383854438 0.44106463878327 0.00536874377336013
CLR 4 10 continuous 1 1 0.0024 0.280984679165041 0.026251498295243 6.9531354883083 3.56080939349946 0.933546837469976 0.00249371985292452 0.771216973578863 0.00420554195363324
CLR 1 20 continuous 1 1 0.0112 0.760968266960648 0.0872139507909489 75.7822959559615 19.2507776898622 0.940520446096654 0.00237855798407711 0.831307143574802 0.00376595280742677
CLR 4 20 continuous 1 1 0 0.0831932413725009 0.00389191710658065 0.15837615603625 0.00696485847752539 0.9426 0.00232605330979322 0.97 0.0017058722109232
CLR 1 30 continuous 1 1 0.0012 0.210361790067525 0.00641584844281682 0.455348074686229 0.0242202585929496 0.933279983995199 0.00249686338012292 0.953986195858758 0.00209640819253815
CLR 4 30 continuous 1 1 0 0.0512343558137369 0.00290194768988875 0.0868295418637603 0.00181225473216503 0.9441 0.00229728513685176 0.9974 0.000509238647394328
CLR 1 40 continuous 1 1 1e-04 0.141438419339738 0.00461176948424841 0.23264646738822 0.00846517411742619 0.94049404940494 0.00236581042135222 0.988698869886989 0.00105709659087439
CLR 4 40 continuous 1 1 0 0.0403738079635063 0.0024345986092514 0.0608968209807746 0.00106779715580336 0.9445 0.0022895359791888 0.9996 0.000199959995999189
CLR 1 50 continuous 1 1 1e-04 0.104678983627984 0.00378224417410465 0.153982788796889 0.00441893826391136 0.941494149414941 0.00234709234745599 0.998099809980998 0.000435519112530202
CLR 4 50 continuous 1 1 0 0.0281409363092619 0.00213170445794797 0.0462290070928182 0.000819000002586048 0.9456 0.00226805290943576 1 0
CLR 1 10 binary0.05 1 1 0.0292 8.65400806907321 0.260991006922542 736.096835035536 191.1530252515 0.996690070210632 0.000582940961170772 0.00130391173520562 0.0003662485277434
CLR 4 10 binary0.05 1 1 1e-04 -1.39450528617531 0.130996412318387 173.51092527598 1.89481819018824 0.9979 0.000457799036691646 0.0418 0.00200141863878019
CLR 1 20 binary0.05 1 1 0.0101 6.73637739975433 0.122424909265615 193.728603001174 1.90470215539942 0.9914 0.000928064201408262 0.0049 0.000701836161346416
CLR 4 20 binary0.05 1 1 0 -0.65949970914111 0.0728832191755484 53.5492642766301 1.30423124427279 0.984 0.00125475097130865 0.1582 0.00364928431339626
CLR 1 30 binary0.05 1 1 0.0025 4.85878323332568 0.0997840399256181 122.917442527 1.73999877110551 0.9814 0.00135276714454795 0.028 0.00165179328386804
CLR 4 30 binary0.05 1 1 0 -0.332773803971688 0.0419432811847504 17.7013675312036 0.777640786531635 0.9634 0.00187777634450964 0.2451 0.00430146475052394
CLR 1 40 binary0.05 1 1 3e-04 3.68712999708923 0.0830318174120649 82.510177512129 1.51020414956143 0.9752 0.0015553847647865 0.0719 0.00258361017037279
CLR 4 40 binary0.05 1 1 0 -0.0651646250603127 0.0217677893012545 4.74213910234629 0.392109988842325 0.9516 0.00214609971809327 0.3228 0.00467546960208277
CLR 1 50 binary0.05 1 1 4e-04 2.52643328630764 0.0691925283161927 54.2349868681605 1.28645845518739 0.9749 0.00156460160784671 0.1384 0.00345388415067595
CLR 4 50 binary0.05 1 1 0 -0.0588927564751524 0.013303487651558 1.77311921093309 0.219572141713654 0.9427 0.00232414952186816 0.3743 0.00483941639043387
CLR 1 10 binary0.1 1 1 0.0276 8.03023357678237 0.243473599569544 640.858196119794 156.810628841496 0.990342052313883 0.00099177363635256 0.00462776659959759 0.000688265513819401
CLR 4 10 binary0.1 1 1 1e-04 -0.00477709028864648 0.0861756188837166 74.2475432459274 1.56018094212365 0.9905 0.00097008716459434 0.1081 0.00310522193092926
CLR 1 20 binary0.1 1 1 0.0015 4.37605578253531 0.0935210624781863 106.471816456316 1.76563335756275 0.9784 0.00145482603020679 0.0479 0.00213714999828574
CLR 4 20 binary0.1 1 1 0 -0.0278000444678151 0.0289464226564134 8.37888879312503 0.55269387086005 0.9549 0.00207523468552354 0.2793 0.00448655223974936
CLR 1 30 binary0.1 1 1 4e-04 2.49050396482949 0.0689533567084569 53.7244911854615 1.34455852340299 0.9717 0.00165861731709331 0.1525 0.0035957679039014
CLR 4 30 binary0.1 1 1 0 -0.00321984949822922 0.0105724109270129 1.1176573196542 0.164288350967318 0.9475 0.00223033069296909 0.3851 0.00486618937157197
CLR 1 40 binary0.1 1 1 1e-04 1.34326077735202 0.049862515688838 26.6620816832268 0.976014448486492 0.9708 0.00168375161527768 0.2661 0.00441939273013955
CLR 4 40 binary0.1 1 1 0 0.00731549096945491 0.00600409226970196 0.36050870711509 0.0402707141008211 0.9456 0.00226805290943576 0.4849 0.00499771937987719
CLR 1 50 binary0.1 1 1 0 0.790830595342809 0.037668059392353 14.8128211316902 0.732492543572858 0.9704 0.00169481090390639 0.3538 0.00478148052385451
CLR 4 50 binary0.1 1 1 0 0.00817577631833178 0.00486887611976507 0.237102684059924 0.00370149173384849 0.9466 0.0022482980229498 0.573 0.00494642294997102
CLR 1 10 binary0.2 1 1 0.0189 6.84282390779191 0.252686164957072 673.195662027639 136.271609735986 0.97855848600765 0.001462394280244 0.0215421783772901 0.00146574771432461
CLR 4 10 binary0.2 1 1 0 0.392107315370862 0.0438769770703474 19.4037141259684 0.892724198232509 0.9653 0.00183018878807625 0.2003 0.00400224824317533
CLR 1 20 binary0.2 1 1 3e-04 2.39050684436105 0.0676078149951101 51.4044061904736 1.37941727674719 0.972997299729973 0.00162115510916809 0.165516551655166 0.00371701858301499
CLR 4 20 binary0.2 1 1 0 0.0490322279260046 0.00814630538802614 0.665960711833752 0.0950138137877616 0.9431 0.00231651440746653 0.3878 0.00487248560798285
CLR 1 30 binary0.2 1 1 0 0.977640076145424 0.0423858095290476 18.9195520559633 0.8576038818939 0.9635 0.00187530664159225 0.3345 0.00471815377027922
CLR 4 30 binary0.2 1 1 0 0.023568521321015 0.00523147069965985 0.274210963725574 0.00428485175462731 0.9458 0.00226411925480969 0.5273 0.00499254153713317
CLR 1 40 binary0.2 1 1 0 0.399894794705456 0.0252808242808369 6.55047748994174 0.497575287431589 0.9502 0.00217531514958178 0.4465 0.00497129510288818
CLR 4 40 binary0.2 1 1 0 0.0186784428117173 0.00450003834769143 0.202832085187675 0.00310948419923925 0.948 0.00222027025382047 0.6576 0.00474512634183749
CLR 1 50 binary0.2 1 1 0 0.207455765898758 0.0165769489608822 2.79071546808473 0.315393298161132 0.9503 0.00217324434889407 0.53 0.00499099188538711
CLR 4 50 binary0.2 1 1 0 0.00348392915876557 0.00395011905317043 0.15603093966405 0.00232372483556131 0.9494 0.00219179469841498 0.7349 0.00441386440661695
CLR 1 10 continuous 1.5 1 0.3049 9.6859644517577 0.476129120342149 1669.37553506335 124.546690830454 0.982383557987455 0.00157788736159333 0.641532096623515 0.00575189154210092
CLR 4 10 continuous 1.5 1 0.0233 1.12682354575749 0.109972002059292 119.378184823121 24.893745338827 0.936665317685148 0.00246452043900211 0.958316471064346 0.00202234908149543
CLR 1 20 continuous 1.5 1 0.0706 2.62077951772225 0.193044066083022 353.181529684121 42.7624327367614 0.957229292718548 0.00209884260788472 0.94450239933236 0.00237485611646148
CLR 4 20 continuous 1.5 1 3e-04 0.213633734621153 0.00839939576122932 0.750855664709136 0.222971977828677 0.933086617323465 0.00249909420212228 0.999799959991998 0.00014144257138491
CLR 1 30 continuous 1.5 1 0.0174 0.83367381914524 0.0796039282991283 62.9539285981415 18.7063665567179 0.933957515352864 0.00250545659079341 0.98671096345515 0.00115518979809706
CLR 4 30 continuous 1.5 1 0 0.108595429628165 0.00413123402267224 0.182446845742423 0.00473140403786957 0.9421 0.00233554254938761 1 0
CLR 1 40 continuous 1.5 1 0.004 0.370277392007195 0.0228056937828007 5.31677794975486 2.80151151626077 0.930889423076923 0.00254150891762297 0.997295673076923 0.000520369572385297
CLR 4 40 continuous 1.5 1 0 0.0863172747517214 0.00341064438829964 0.123763990859819 0.00263125035204094 0.9453 0.00227393733422889 1 0
CLR 1 50 continuous 1.5 1 0.0014 0.230384583117224 0.0076124509832551 0.631701914713127 0.0900907608563217 0.937243519167251 0.00242694387529402 0.999499549594635 0.000223808225152619
CLR 4 50 continuous 1.5 1 0 0.0653177775596632 0.00290296018071864 0.0885297629959028 0.00180718036127218 0.9466 0.0022482980229498 1 0
CLR 1 10 binary0.05 1.5 1 0.0243 12.0036448178348 0.20519057692647 554.846043329212 83.2051937129257 0.993873656723913 0.000789965456965559 0.00220950085367078 0.00047534465680573
CLR 4 10 binary0.05 1.5 1 0 1.76012528450024 0.124145895853889 157.204663387326 1.90076242768005 0.9976 0.000489309717867933 0.0931 0.00290572521068321
CLR 1 20 binary0.05 1.5 1 0.0047 8.8276009598148 0.108078387708499 194.175232583705 1.84650546096966 0.9865 0.00115674712030398 0.0206 0.00142375957564733
CLR 4 20 binary0.05 1.5 1 0 0.782561277954658 0.0645824007526578 42.317096137036 1.18857528521231 0.9802 0.00139312454576036 0.3361 0.00472373570386828
CLR 1 30 binary0.05 1.5 1 8e-04 6.55777791038553 0.0956726011797522 134.454538067391 1.74414173969851 0.9774 0.00148683978761776 0.0976 0.00296891825088943
CLR 4 30 binary0.05 1.5 1 0 0.319738748055971 0.0344739775597512 11.9855956997819 0.647415483935476 0.9551 0.0020708449966137 0.5139 0.00499806752655464
CLR 1 40 binary0.05 1.5 1 3e-04 4.7755404766436 0.0852153136184923 95.393236996341 1.57950202045556 0.9786 0.00144735360217706 0.2195 0.00413970000541591
CLR 4 40 binary0.05 1.5 1 0 0.160480091631716 0.0199281830087953 3.99668150765247 0.361639137055351 0.9467 0.00224631053062572 0.6454 0.00478391931370085
CLR 1 50 binary0.05 1.5 1 0 3.5037550659909 0.0752594479728753 68.9104806697668 1.40646145495372 0.9769 0.00150221136994765 0.3486 0.00476527061141338
CLR 4 50 binary0.05 1.5 1 0 0.0677105382461719 0.0121341548441782 1.47681461710075 0.202819056680013 0.9458 0.00226411925480969 0.7414 0.00437865321760013
CLR 1 10 binary0.1 1.5 1 0.024 11.1672659723224 0.247525836144866 722.63238635497 124.160479737572 0.986922844784227 0.00114993510273208 0.0104617241726184 0.00102989517312117
CLR 4 10 binary0.1 1.5 1 0 1.87696475244343 0.0793717006578038 66.5153654681698 1.52728802085747 0.9854 0.00119945154133045 0.2478 0.00431735057645311
CLR 1 20 binary0.1 1.5 1 5e-04 6.17193657425431 0.0956065575745841 129.444095906133 1.85732862878936 0.9778 0.00147370346438843 0.1324 0.00339009887543012
CLR 4 20 binary0.1 1.5 1 0 0.375624415960197 0.0295304006288853 8.86066727032885 0.575435980290547 0.952 0.00213766227454198 0.5529 0.0049719371476317
CLR 1 30 binary0.1 1.5 1 1e-04 3.60318514319688 0.0777048410963008 73.3512903895085 1.51893204926901 0.9767 0.00150862142164938 0.3518 0.00477555824963528
CLR 4 30 binary0.1 1.5 1 0 0.0995830479875502 0.0117369533978872 1.38733977801319 0.198619296769626 0.9434 0.00231076697224103 0.7437 0.00436589406651146
CLR 1 40 binary0.1 1.5 1 0 2.02750666660453 0.0599711095345798 40.0725265372327 1.17508230533897 0.9757 0.00153978927129656 0.5497 0.00497523778326222
CLR 4 40 binary0.1 1.5 1 0 0.0545909971086477 0.008142930842256 0.665987096660253 0.122643630777409 0.9435 0.00230884711490389 0.8508 0.00356285503494038
CLR 1 50 binary0.1 1.5 1 0 1.22055661311066 0.0464831675465809 23.0944464125781 0.908535144323739 0.976 0.00153049011757672 0.6915 0.00461874171176523
CLR 4 50 binary0.1 1.5 1 0 0.0272702748244231 0.00481779495047987 0.232831938589508 0.00388585243399032 0.9435 0.00230884711490389 0.9113 0.00284310235482298
CLR 1 10 binary0.2 1.5 1 0.028 9.42505557740066 0.234317463502412 622.450196348811 101.543992763382 0.981590724165989 0.00136348524604447 0.0425142392188771 0.00204644574657493
CLR 4 10 binary0.2 1.5 1 2e-04 1.28491408513794 0.0528771216580948 29.6025161846509 1.08652547054312 0.9684 0.00174950168654684 0.3893 0.00487640306592598
CLR 1 20 binary0.2 1.5 1 3e-04 3.90096044432632 0.0848887074178281 87.2495944883068 5.82921667813174 0.977595519103821 0.00148017204607471 0.340968193638728 0.00474105808296744
CLR 4 20 binary0.2 1.5 1 0 0.185885764663891 0.0159186420964402 2.56833177628407 0.300216920336946 0.9454 0.00227197799285116 0.7339 0.00441917175497853
CLR 1 30 binary0.2 1.5 1 0 1.79157264406634 0.0569458015797594 35.6347328902625 1.15844661060028 0.9757 0.00153978927129656 0.6114 0.00487432087577336
CLR 4 30 binary0.2 1.5 1 0 0.0537490339290985 0.00679722552882867 0.464865505271022 0.0850756760175714 0.9436 0.0023069252263565 0.8774 0.00327977499228225
CLR 1 40 binary0.2 1.5 1 0 0.775376380224179 0.0365825522581749 13.9827015451007 0.735979839928637 0.9703 0.00169758387127116 0.7742 0.004181080721536
CLR 4 40 binary0.2 1.5 1 0 0.0367812560742093 0.00448480900310355 0.202467865229789 0.00339113302640271 0.9512 0.00215449669296567 0.9517 0.00214399416976819
CLR 1 50 binary0.2 1.5 1 0 0.447051317223381 0.0262967906271733 7.11437533192777 0.520876455095326 0.9549 0.00207523468552354 0.8704 0.00335862829143089
CLR 4 50 binary0.2 1.5 1 0 0.0363744994901299 0.00396837112922844 0.158787050436677 0.0025179448785014 0.9464 0.0022522664140816 0.9843 0.00124312147435398
CLR 1 10 continuous 0 5 0.6435 -1.44255346040025 1.05409506747565 3962.09985027554 295.122918486544 0.981035252119589 0.0022844732464033 0.0189647478804105 0.00228447324640329
CLR 4 10 continuous 0 5 0.0039 -0.0224115286449777 0.0192078490109215 3.67515925433473 1.7888038196218 0.914889356163012 0.00279592009435944 0.0851106438369881 0.00279592009435944
CLR 1 20 continuous 0 5 0.0292 -0.0890188764741625 0.0740718780321945 53.2667690797731 12.8153558144652 0.891185410334347 0.00316055035845828 0.108814589665653 0.00316055035845828
CLR 4 20 continuous 0 5 0 0.00104919620553397 0.00305229438003723 0.093156794135763 0.00152610897197112 0.9328 0.0025036804907975 0.0672 0.0025036804907975
CLR 1 30 continuous 0 5 4e-04 0.00277350044509939 0.00544228609016579 0.296044378787405 0.0484839472156472 0.9146 0.00279531921679967 0.0854 0.00279531921679967
CLR 4 30 continuous 0 5 0 0.00125119578545632 0.00231372121697171 0.0535292708836742 0.000818229616963911 0.9379 0.00241337087908179 0.0621 0.00241337087908179
CLR 1 40 continuous 0 5 0 8.68713531646282e-05 0.00311877000810501 0.0972575444548216 0.00176665924408568 0.9327 0.00250540834995016 0.0673 0.00250540834995016
CLR 4 40 continuous 0 5 0 0.00236531748022449 0.00191405694898258 0.0366380711522631 0.000548191130627178 0.9437 0.00230500130151807 0.0563 0.00230500130151807
CLR 1 50 continuous 0 5 0 0.000586390690334545 0.00256566632482874 0.0658201981139535 0.00110636940407991 0.9331 0.00249848734237338 0.0669 0.00249848734237338
CLR 4 50 continuous 0 5 0 0.00127789601025537 0.00167673135300255 0.0281131018916005 0.000407409867768359 0.9475 0.00223033069296909 0.0525 0.00223033069296909
CLR 1 10 binary0.05 0 5 0.5968 -0.717532273318416 2.56650815885412 26552.5672584356 2330.21254382556 0.996535129932627 0.000925400055969566 0.00346487006737247 0.000925400055969561
CLR 4 10 binary0.05 0 5 0.0033 -7.7406996699347 0.188737164755841 414.92446659062 182.377956739525 0.984680084109342 0.00123025046647827 0.0153199158906579 0.00123025046647827
CLR 1 20 binary0.05 0 5 0.0353 0.061752050231257 0.282184977434478 768.098988245324 156.614562383301 0.98860657390603 0.00108054479959796 0.0113934260939706 0.00108054479959796
CLR 4 20 binary0.05 0 5 0 -5.56248244040392 0.0980369508701502 127.044037015229 1.66602183978706 0.9765 0.00151485147786837 0.0235 0.00151485147786838
CLR 1 30 binary0.05 0 5 0.0104 0.21785176263793 0.126176679068606 157.581344592522 1.95713900478716 0.988698869886989 0.00106258361082312 0.0113011301130113 0.00106258361082312
CLR 4 30 binary0.05 0 5 0 -3.49225955481421 0.0776567320181095 72.4955265074883 1.38867834569688 0.9709 0.00168086852549508 0.0291 0.00168086852549508
CLR 1 40 binary0.05 0 5 0.0052 0.17453666282873 0.102276684365053 104.081257125028 1.6934687342479 0.9864 0.00116125633891933 0.0136 0.00116125633891934
CLR 4 40 binary0.05 0 5 0 -2.11625370944999 0.0608099892239789 41.4533798021756 1.10139918664954 0.9729 0.0016237484411078 0.0271 0.0016237484411078
CLR 1 50 binary0.05 0 5 0.0029 -0.0290865092226746 0.0828571892228128 68.4480246698917 1.44773594248605 0.9818 0.00133868331271217 0.0182 0.00133868331271217
CLR 4 50 binary0.05 0 5 0 -1.36271012481355 0.0488475628608882 25.7154367743562 0.887468238146246 0.971 0.0016780643611018 0.029 0.0016780643611018
CLR 1 10 binary0.1 0 5 0.6087 -9.16180353722309 2.31358779491427 21023.6559964995 1614.99360822237 0.995245641838352 0.00109965427275149 0.00475435816164818 0.00109965427275149
CLR 4 10 binary0.1 0 5 0.0023 -5.25067085746117 0.113193578814992 155.389900432011 9.10123056980701 0.971677341873499 0.00166084099774801 0.0283226581265012 0.00166084099774801
CLR 1 20 binary0.1 0 5 0.0276 -0.752352595606601 0.297700606733626 862.273241527675 313.472265712095 0.96870899364086 0.0017655659973064 0.03129100635914 0.0017655659973064
CLR 4 20 binary0.1 0 5 0 -2.09872214007628 0.0635144456991449 44.7414486611301 1.20439039497558 0.9682 0.00175467261903752 0.0318 0.00175467261903752
CLR 1 30 binary0.1 0 5 0.0024 0.0380547860961594 0.077872922693403 60.4917642526518 1.46818492056343 0.962096209620962 0.00191193160528977 0.0379037903790379 0.00191193160528977
CLR 4 30 binary0.1 0 5 0 -0.797760233459406 0.0392037401849067 16.0042169017014 0.742556611884747 0.9592 0.00197826590730367 0.0408 0.00197826590730367
CLR 1 40 binary0.1 0 5 5e-04 0.0163591688155231 0.0487204918043715 23.7228887210727 0.939889710337953 0.9545 0.00208450175672435 0.0455 0.00208450175672435
CLR 4 40 binary0.1 0 5 0 -0.325350535526531 0.023195427457483 5.48559349246604 0.427750430081406 0.949 0.00219997727260988 0.051 0.00219997727260988
CLR 1 50 binary0.1 0 5 0 -0.0198266726764904 0.0325842692638421 10.6166773969316 0.624829459153846 0.9425 0.00232795511125107 0.0575 0.00232795511125107
CLR 4 50 binary0.1 0 5 0 -0.185381056407645 0.016278454443525 2.68398193869494 0.291622650197061 0.9433 0.00231268480342653 0.0567 0.00231268480342653
CLR 1 10 binary0.2 0 5 0.623 -14.0643909838457 2.52931466046167 24309.7307577262 1836.58863684633 0.989368355222014 0.00167035415385004 0.0106316447779862 0.00167035415385004
CLR 4 10 binary0.2 0 5 0.0035 -2.06796501818937 0.0991801103464944 102.289301205503 27.5593224490667 0.953548903794174 0.00210829227666465 0.0464510962058264 0.00210829227666465
CLR 1 20 binary0.2 0 5 0.0249 -0.925807917087613 0.328300368362169 1051.72315600001 317.780953454764 0.934635232216938 0.00250304326955068 0.0653647677830618 0.00250304326955068
CLR 4 20 binary0.2 0 5 0 -0.314284229359408 0.0241887681235754 5.94915451368173 0.461982204203539 0.9426 0.00232605330979322 0.0574 0.00232605330979322
CLR 1 30 binary0.2 0 5 0 0.0293444502972348 0.0353949271011505 12.5276169408564 1.82159357628916 0.9247 0.00263874799857811 0.0753 0.00263874799857811
CLR 4 30 binary0.2 0 5 0 -0.0771367076100503 0.0104251666406901 1.09268238242302 0.164873220449628 0.9384 0.00240427619045733 0.0616 0.00240427619045733
CLR 1 40 binary0.2 0 5 0 0.0213289000697913 0.0168068706310618 2.82488145517027 0.310113563438444 0.9248 0.00263713784243448 0.0752 0.00263713784243448
CLR 4 40 binary0.2 0 5 0 -0.040952486576287 0.00631390412655032 0.400291093964153 0.0681218183353719 0.9429 0.00232033596705305 0.0571 0.00232033596705305
CLR 1 50 binary0.2 0 5 0 -7.45731639954466e-05 0.0101509124186991 1.03030719385923 0.151338413839347 0.9343 0.00247756957520874 0.0657 0.00247756957520874
CLR 4 50 binary0.2 0 5 0 -0.0250018040028645 0.00460370097529583 0.212544522840127 0.00337126499894925 0.9474 0.00223233599621562 0.0526 0.00223233599621562
CLR 1 10 continuous 0.5 5 0.6846 12.3667134997596 1.08945204927047 3895.24948821594 277.628163533507 0.987244897959184 0.00199812923069479 0.0252551020408163 0.00279376070524346
CLR 4 10 continuous 0.5 5 0.0172 0.594600956905311 0.0763603532078075 57.6538394053942 15.776322495828 0.907286102993046 0.00292557996693514 0.311800866673385 0.00467264885862772
CLR 1 20 continuous 0.5 5 0.0744 1.48551080823278 0.134999835285734 170.878705765384 25.5822318514808 0.896411856474259 0.00316735795957838 0.331669266770671 0.00489369229866468
CLR 4 20 continuous 0.5 5 0 0.0813057279037649 0.0034191622205842 0.123505633626373 0.00282945584232375 0.9318 0.00252088793880252 0.5156 0.00499756580747067
CLR 1 30 continuous 0.5 5 0.0025 0.304334591533153 0.0288100127534311 8.37120745442608 4.84092122671713 0.899959983993597 0.00300429118665613 0.482292917166867 0.00500312142384215
CLR 4 30 continuous 0.5 5 0 0.0435684701601029 0.00251394536170692 0.0650911044872876 0.00108463988804807 0.9412 0.00235249994686504 0.6757 0.00468112710786622
CLR 1 40 continuous 0.5 5 0 0.14786073222959 0.00410995600804518 0.190763288277749 0.00918734866658642 0.9186 0.0027344842292469 0.5981 0.0049028194949437
CLR 4 40 continuous 0.5 5 0 0.0356976498058665 0.00209870857201857 0.045315694326634 0.000727355670790014 0.9401 0.0023730147492167 0.7945 0.0040406651680138
CLR 1 50 continuous 0.5 5 0 0.105819005133686 0.00315839130144426 0.110942042542258 0.00357458106126905 0.9213 0.00269269957477621 0.685 0.00464515877016061
CLR 4 50 continuous 0.5 5 0 0.0252066881368268 0.0018167768093128 0.0336388561974205 0.00052491678831675 0.9436 0.0023069252263565 0.8807 0.00324141188373215
CLR 1 10 binary0.05 0.5 5 0.6053 10.0555455106078 2.38986810666135 22638.5729078335 1932.97195704131 0.997647520094099 0.000771112887933377 0.0021564399137424 0.000738356915759318
CLR 4 10 binary0.05 0.5 5 0.0023 -4.37975995972742 0.149932602519198 243.440635439472 25.0254184782456 0.984783261587747 0.00122555027126989 0.0297327059765742 0.00170044632609109
CLR 1 20 binary0.05 0.5 5 0.0336 3.70990782250395 0.269284157644855 714.465787939255 146.619540934283 0.985965266558966 0.00119661496981978 0.0140347334410339 0.00119661496981978
CLR 4 20 binary0.05 0.5 5 0 -2.92226908818167 0.0888247406114679 87.430112236143 1.54992071264494 0.975 0.0015612494995996 0.0618 0.00240791943386817
CLR 1 30 binary0.05 0.5 5 0.0054 3.01815813079168 0.114965414338152 140.552805884727 1.9146521458969 0.984798479847985 0.00122685423699394 0.0158015801580158 0.00125045297332625
CLR 4 30 binary0.05 0.5 5 0 -1.43474435581947 0.057591632659132 35.2231360938474 1.05690331441827 0.969 0.0017331762749357 0.0908 0.00287324485555965
CLR 1 40 binary0.05 0.5 5 0.0034 2.22775150366106 0.0896365283406874 85.0287341393186 1.58409744800692 0.9787 0.00144628590740151 0.0287 0.00167246562904988
CLR 4 40 binary0.05 0.5 5 0 -0.76322452276372 0.0402949950617677 16.8177542557997 0.74259589364076 0.9594 0.00197361698411825 0.1123 0.00315735189676412
CLR 1 50 binary0.05 0.5 5 0.0011 1.63181015902322 0.0715924684329378 53.8561139798676 1.31292431527061 0.975 0.00156210889589135 0.0465 0.00210681217085805
CLR 4 50 binary0.05 0.5 5 0 -0.379192168666526 0.0272681514120207 7.57856396298545 0.495781465835011 0.9535 0.00210565310533335 0.1216 0.00326823254986545
CLR 1 10 binary0.1 0.5 5 0.6209 4.96462353640824 2.37156051644217 21340.741769987 1844.5050113373 0.99354708610607 0.00130045482336558 0.00524299253881831 0.00117292766882285
CLR 4 10 binary0.1 0.5 5 0.0048 -2.29189277702592 0.107997681531804 121.316253202238 12.9982696640387 0.969031870114251 0.00173648620106234 0.0646422128683103 0.00246485744518017
CLR 1 20 binary0.1 0.5 5 0.0256 3.27445102043852 0.213148427713272 453.368463026833 88.9540373046166 0.959276475343573 0.0020022852091301 0.0465844785772029 0.00213497645888115
CLR 4 20 binary0.1 0.5 5 0 -0.669499043196749 0.0439810620275691 19.7896328057531 0.842001667527779 0.9516 0.00214609971809327 0.1033 0.00304350308033358
CLR 1 30 binary0.1 0.5 5 8e-04 1.65888249040281 0.0701122045428776 51.8648618845552 1.40980781736318 0.95969596959696 0.00196750054646788 0.0684068406840684 0.00252543793282895
CLR 4 30 binary0.1 0.5 5 0 -0.152317932396663 0.0195241233317614 3.83473347987599 0.353384448959304 0.9441 0.00229728513685176 0.1331 0.00339682778486046
CLR 1 40 binary0.1 0.5 5 3e-04 0.916970876765934 0.0454746117017897 21.5119669218846 0.894847382042722 0.9521 0.00213586693833522 0.0985 0.00298034221724948
CLR 4 40 binary0.1 0.5 5 0 -0.0589920358016022 0.0110595603788173 1.22649650413931 0.177524450462642 0.9431 0.00231651440746653 0.1537 0.00360660934951375
CLR 1 50 binary0.1 0.5 5 0 0.456646740214281 0.0292865092440548 8.78466478274568 0.566567865335364 0.9406 0.00236371825732256 0.1221 0.00327401267560161
CLR 4 50 binary0.1 0.5 5 0 -0.0269938999416739 0.00680592721807138 0.463888802965613 0.0782836450748289 0.9432 0.00231460061349685 0.174 0.00379109482867417
CLR 1 10 binary0.2 0.5 5 0.641 4.98008713331187 2.4203070764098 21048.7553568998 1611.71876575828 0.988427947598253 0.00178496818514893 0.0120087336244541 0.0018179332552836
CLR 4 10 binary0.2 0.5 5 0.0053 -0.278797619055162 0.0993227965150207 98.1951962210244 37.8004079057383 0.934824024867141 0.00247492841803724 0.108192118720545 0.00311449334262753
CLR 1 20 binary0.2 0.5 5 0.0314 1.94096627113507 0.217311066835418 461.132756329875 81.2218193661817 0.928556951763275 0.00261705005110617 0.099006890960681 0.00303473807690791
CLR 4 20 binary0.2 0.5 5 0 0.0116472071017232 0.0115679068057667 1.33816651963443 0.178634520493527 0.936 0.00244752936652454 0.1351 0.00341830352660497
CLR 1 30 binary0.2 0.5 5 7e-04 0.574307262237966 0.0333784553026021 11.4621286451102 0.764652605148702 0.924684936987398 0.00263991455047027 0.137027405481096 0.00343996699458996
CLR 4 30 binary0.2 0.5 5 0 -0.00284652244427592 0.00712009201076563 0.506914509397472 0.0839208089175505 0.942 0.00233743449106066 0.1703 0.00375896142571322
CLR 1 40 binary0.2 0.5 5 0 0.225069214502832 0.0168602948958841 2.8930673215347 0.310401519669298 0.9243 0.00264517504146701 0.1657 0.00371811121404403
CLR 4 40 binary0.2 0.5 5 0 0.0115819009465494 0.00486601023345175 0.236891018294516 0.0035725763010794 0.9446 0.00228759349535707 0.2124 0.00409006405817806
CLR 1 50 binary0.2 0.5 5 0 0.123897815957243 0.00986350698583579 0.988141080625228 0.150658148512169 0.9317 0.00252260004756997 0.1806 0.00384686417748275
CLR 4 50 binary0.2 0.5 5 0 0.00143662161187356 0.00428719506035859 0.183784098695801 0.00271046030952816 0.9415 0.0023468649300716 0.2494 0.00432665737030332
CLR 1 10 continuous 1 5 0.7903 28.5959710340922 1.26055744723421 4148.28420240453 300.460675890918 0.984398782343988 0.00270623537439063 0.0353881278538813 0.00403465012738343
CLR 4 10 continuous 1 5 0.0855 2.56993183228504 0.191880492856199 343.269471260811 41.6399575302509 0.908995486512018 0.00300760275950329 0.703054476750289 0.0047779436690839
CLR 1 20 continuous 1 5 0.2514 7.21202752350793 0.369876506047489 1076.02593449819 80.3853460512563 0.933412745681954 0.00288142623296947 0.642763549731983 0.005538326965019
CLR 4 20 continuous 1 5 3e-04 0.246965254027359 0.0153575548303486 2.41859332240696 2.05766007643297 0.907990799079908 0.00289082303919956 0.966396639663966 0.0018023295948873
CLR 1 30 continuous 1 5 0.0462 1.68815225057991 0.14092520066427 192.253840503396 32.0489213280616 0.871813175606771 0.0034229830565413 0.904038343871099 0.0030158770590147
CLR 4 30 continuous 1 5 0 0.125079149383162 0.00340495472002618 0.131570366348055 0.0030157680248192 0.924 0.0026499811320083 0.9968 0.000564779603031128
CLR 1 40 continuous 1 5 0.0059 0.515728957155642 0.040964931181257 16.946544688899 7.78383510624114 0.882182182182182 0.00323347562438098 0.978278278278278 0.00146205358890427
CLR 4 40 continuous 1 5 0 0.0896805524025853 0.00271918451535837 0.0819748518004522 0.00162228283573955 0.9311 0.00253284010549423 0.9998 0.0001414072133945
CLR 1 50 continuous 1 5 4e-04 0.281800237331526 0.00572708616033458 0.407242535059626 0.0234673873205053 0.9032 0.00295744392843481 0.9948 0.000719376814472414
CLR 4 50 continuous 1 5 0 0.0637997572373438 0.00227614912702582 0.0558737766532993 0.00104657263615708 0.9411 0.00235437443920885 1 0
CLR 1 10 binary0.05 1 5 0.6116 12.4717272404186 2.75146585925362 29552.0454470797 3330.80979186569 0.995166163141994 0.00111289498238688 0.00382678751258812 0.000990706455842598
CLR 4 10 binary0.05 1 5 0.0042 -0.802626209195274 0.138869535031619 192.662442276991 7.27630278085913 0.985177766649975 0.00121095516306901 0.0614922383575363 0.00240737099871593
CLR 1 20 binary0.05 1 5 0.0317 7.94178181437531 0.235879078500268 601.768112312123 110.044961330843 0.98000201999798 0.00142266151824787 0.0235329764670235 0.00154050195904556
CLR 4 20 binary0.05 1 5 0 -0.63225195341463 0.0745623876695982 55.9896795328565 1.34374777946296 0.9787 0.00144382512791543 0.1613 0.0036780743603141
CLR 1 30 binary0.05 1 5 0.0027 5.13620488097887 0.100914854767098 127.933533084481 1.85090271436729 0.9773 0.00149146809826358 0.048 0.00214055397562662
CLR 4 30 binary0.05 1 5 0 -0.304068482193914 0.0423192064408256 17.999819064442 0.785350661630655 0.9537 0.00210134028657902 0.2553 0.00436029712290344
CLR 1 40 binary0.05 1 5 9e-04 3.83199767661251 0.0847345490470612 86.4118447776293 1.58812480559388 0.9713 0.00167037185318573 0.088 0.00283422468174136
CLR 4 40 binary0.05 1 5 0 -0.124657855202271 0.0237841182963107 5.67181672790952 0.433602383874036 0.9473 0.00223433905215838 0.3126 0.00463552844883946
CLR 1 50 binary0.05 1 5 1e-04 2.71335352341085 0.0707203500491825 57.3659637179731 1.34392779399016 0.9737 0.00160033968541397 0.1456 0.0035272238560677
CLR 4 50 binary0.05 1 5 0 -0.00948317335994162 0.0132881389049974 1.76565971152648 0.215872480663987 0.9392 0.00238963093384732 0.3888 0.0048747775333855
CLR 1 10 binary0.1 1 5 0.6457 17.0493763312824 2.50334578420095 22487.4747215956 1798.19001590904 0.991655969191271 0.0015282094768317 0.0053487376979033 0.00122539327676401
CLR 4 10 binary0.1 1 5 0.0091 0.690846504527624 0.191088939725804 362.267719322667 128.747097567721 0.963640016070711 0.00188041774211136 0.139413419043793 0.00347964276597735
CLR 1 20 binary0.1 1 5 0.0358 5.95347708737475 0.238382631833723 583.306046811189 103.326385460724 0.962241169305725 0.00194118833045519 0.0852618757612667 0.00284408300907544
CLR 4 20 binary0.1 1 5 0 0.0574214381922749 0.0304755550308294 9.28996300648071 0.585479147514836 0.9425 0.00232795511125107 0.2837 0.00450792979093508
CLR 1 30 binary0.1 1 5 7e-04 2.71210967515119 0.0711402978822293 57.9244711819096 1.47937401607842 0.962488746623987 0.00190077483835083 0.182054616384915 0.00386024667046491
CLR 4 30 binary0.1 1 5 0 0.0485077587955229 0.0109911332601143 1.21028230106892 0.168817326150007 0.9375 0.00242061459137964 0.3902 0.00487794997924333
CLR 1 40 binary0.1 1 5 0 1.57656549564985 0.0530385175950791 30.61358916456 1.07876829107681 0.958 0.0020058913230781 0.2693 0.00443596111344543
CLR 4 40 binary0.1 1 5 0 0.0449815776413955 0.00685298853572686 0.471610897583275 0.0695655334575859 0.941 0.00235624701591323 0.4788 0.00499550357821912
CLR 1 50 binary0.1 1 5 0 0.911567636011408 0.0387623946031193 15.8546853854674 0.768409414948347 0.9542 0.00209051094232965 0.3568 0.00479055069903242
CLR 4 50 binary0.1 1 5 0 0.0311560113394788 0.00508638145723242 0.259657589051035 0.00429811693944026 0.9428 0.00232224374259034 0.5731 0.00494627526528801
CLR 1 10 binary0.2 1 5 0.6771 9.15245448484819 2.31432661246885 17373.2829792152 1236.45808260057 0.989262705798139 0.00181371574193184 0.0128847530422334 0.00198466840973129
CLR 4 10 binary0.2 1 5 0.0116 0.923722549998467 0.12048038458552 144.310177848948 65.838491361393 0.929052356547081 0.00258239524677816 0.223595618530801 0.00419091897946202
CLR 1 20 binary0.2 1 5 0.0532 3.89888189435982 0.216435273272436 458.675581925005 82.102083538934 0.937794630047141 0.00248221093675509 0.201065792170527 0.00411903496309301
CLR 4 20 binary0.2 1 5 0 0.145778866876405 0.0109718949032365 1.22495587322668 0.168503664332451 0.9334 0.00249327976769555 0.3877 0.00487225522730491
CLR 1 30 binary0.2 1 5 0.0011 1.32063249705766 0.053045184534294 29.8482207158304 4.83965308009593 0.93498699739948 0.00246684516476249 0.334566913382677 0.00472098568751001
CLR 4 30 binary0.2 1 5 0 0.0761338985530445 0.00573978520503418 0.335214767373977 0.0054737496792799 0.9337 0.00248805767618036 0.5367 0.0049865129098399
CLR 1 40 binary0.2 1 5 0 0.516951436265924 0.0254887602062666 6.76335807908615 0.519996393454829 0.93 0.00255147016443461 0.4411 0.00496518670343825
CLR 4 40 binary0.2 1 5 0 0.0508201385490715 0.00480766039562127 0.233695557679919 0.00374126237456468 0.9372 0.0024260288539092 0.6435 0.00478965291018044
CLR 1 50 binary0.2 1 5 0 0.282281595255203 0.0156198463693084 2.51923492542717 0.295939783216338 0.9334 0.00249327976769555 0.5271 0.00499265049848275
CLR 4 50 binary0.2 1 5 0 0.0390464698571035 0.00411160915809798 0.170561020167985 0.00267347765982712 0.9459 0.00226214919932351 0.7428 0.00437090562698395
CLR 1 10 continuous 1.5 5 0.8448 31.056795948954 1.26772223715485 3457.16718367971 354.128934072018 0.995670995670996 0.00166650292268476 0.0362554112554113 0.00474483960124757
CLR 4 10 continuous 1.5 5 0.264 7.01143775879435 0.372400035026958 1069.71952326762 82.6211666555521 0.94364479141254 0.0026880193899658 0.811905342766528 0.00455514307323288
CLR 1 20 continuous 1.5 5 0.5194 19.3130792784212 0.729946127080024 2933.20161046459 160.951695378792 0.979865771812081 0.00202609079570536 0.629362416107383 0.0069667984578993
CLR 4 20 continuous 1.5 5 0.0109 0.886803440425399 0.0802070340175039 64.4104548871536 16.5307313867241 0.88140350877193 0.0032508969776482 0.989473684210526 0.00102617214225085
CLR 1 30 continuous 1.5 5 0.2235 7.25971085169059 0.372827904091927 1131.90441773437 84.3825507893747 0.919487120249509 0.00308769770766265 0.856301259096685 0.00398078793751843
CLR 4 30 continuous 1.5 5 2e-04 0.275982491561904 0.00622515126323416 0.463575160625423 0.0467725580389521 0.9095 0.00286925452414122 0.9998 0.000141421356237302
CLR 1 40 continuous 1.5 5 0.0771 3.13677069376627 0.211654781864818 423.232936805927 45.6689613329943 0.876121712222795 0.00342927643884035 0.939143888602372 0.00248851833256548
CLR 4 40 continuous 1.5 5 0 0.191137289307496 0.0039827188177655 0.195138093128472 0.00535317020162904 0.9225 0.00267383152049638 1 0
CLR 1 50 continuous 1.5 5 0.0269 1.27783629296097 0.102323498079962 103.506921654791 20.6850855421144 0.865376864167674 0.00346006099769924 0.977428456267634 0.00150572057340176
CLR 4 50 continuous 1.5 5 0 0.134237538870365 0.00331655975266408 0.128004403203292 0.00299865254172999 0.9251 0.00263229918512315 1 0
CLR 1 10 binary0.05 1.5 5 0.6312 27.5656669269852 2.54503414522572 24641.2979700746 2037.70741530604 0.993194385367929 0.00135380261443785 0.00552956188855806 0.00122108485356192
CLR 4 10 binary0.05 1.5 5 0.0079 2.79352401593044 0.19540151381679 386.566752318361 85.6679599365939 0.982928298855192 0.00130053365198468 0.113777867041575 0.00318803048202231
CLR 1 20 binary0.05 1.5 5 0.0374 10.4991822217099 0.265484274596305 788.621115382211 115.657230799832 0.980605199025183 0.00140561644885242 0.040718927701056 0.00201441142251883
CLR 4 20 binary0.05 1.5 5 0 0.929517891821547 0.0663498991295706 44.8826923471437 1.23939718425237 0.9702 0.00170035172831976 0.3391 0.00473403833951522
CLR 1 30 binary0.05 1.5 5 0.0012 7.07874064291216 0.0993385410841133 148.661740642136 1.94402170328849 0.9799 0.00140426684018035 0.1111 0.00314444654158143
CLR 4 30 binary0.05 1.5 5 0 0.433807263358566 0.0350030589716052 12.4391049013021 0.664116005048326 0.9499 0.00218151300706643 0.5129 0.00499833562298491
CLR 1 40 binary0.05 1.5 5 1e-04 5.05551765397276 0.0868488254003993 100.970358046974 1.67324004412958 0.9771 0.00149592204953261 0.2182 0.00413044574570419
CLR 4 40 binary0.05 1.5 5 0 0.234375230117669 0.0201754721753856 4.12502147381279 0.368413115235797 0.9399 0.00237672021912551 0.643 0.0047911480878804
CLR 1 50 binary0.05 1.5 5 0 3.60723300062674 0.0756985508703839 70.3091056889676 1.45692747850388 0.9783 0.0014570212764404 0.3533 0.0047799488490987
CLR 4 50 binary0.05 1.5 5 0 0.105893697618937 0.0111622043623367 1.25703694265488 0.178867999428141 0.9449 0.00228175349238256 0.7357 0.00440959760068875
CLR 1 10 binary0.1 1.5 5 0.6739 27.6394558824547 2.62968940068299 23307.7078031283 2104.44070632984 0.99154334038055 0.0016035402920156 0.00751703077284473 0.00151254845466948
CLR 4 10 binary0.1 1.5 5 0.0159 2.90110682184746 0.166660752216801 281.730355073753 65.1945485907712 0.957779121322048 0.00202710712709177 0.259673518742443 0.00441983297474899
CLR 1 20 binary0.1 1.5 5 0.0608 9.27700557517091 0.355195643334277 1270.86844034668 163.184402351708 0.966042395554641 0.00186890649668885 0.157851409755094 0.00376217985379235
CLR 4 20 binary0.1 1.5 5 0 0.494281009419714 0.0293485355784248 8.85681778571304 0.579246249485216 0.9376 0.00241880631717382 0.5598 0.00496411079650727
CLR 1 30 binary0.1 1.5 5 0.0011 3.99835365459734 0.0813578870608299 82.098460547815 1.78553437072095 0.969090727218165 0.00173167188579862 0.357707312193658 0.00479589196473355
CLR 4 30 binary0.1 1.5 5 0 0.182442363706496 0.0126753084088646 1.63975898522988 0.215972758707735 0.936 0.00244752936652454 0.73 0.00443959457608462
CLR 1 40 binary0.1 1.5 5 0 2.46046546027425 0.0637977214973255 46.7513128144375 1.31451841949079 0.9712 0.0016724401334577 0.5365 0.00498665970364933
CLR 4 40 binary0.1 1.5 5 0 0.107276258555964 0.00712867631403062 0.519637637525986 0.0841838222815089 0.9388 0.00239696808489392 0.8454 0.00361522945329892
CLR 1 50 binary0.1 1.5 5 0 1.46058296575468 0.048681517064938 25.8298337471874 0.978125372796232 0.9604 0.00195017537672897 0.6741 0.00468710134304775
CLR 4 50 binary0.1 1.5 5 0 0.0767499174275156 0.0050116799621434 0.257034793318584 0.00423907872547442 0.9386 0.00240062575175724 0.9132 0.00281541755340127
CLR 1 10 binary0.2 1.5 5 0.7275 26.348305733095 2.52516767442371 18063.7423544966 1360.26225645557 0.987324331771838 0.00214304898659535 0.0159823642876826 0.00240236338675128
CLR 4 10 binary0.2 1.5 5 0.0254 2.82194169777457 0.191332097742192 364.708038445178 74.207681256142 0.930901722391084 0.00256904862533963 0.393313069908815 0.00494809814433998
CLR 1 20 binary0.2 1.5 5 0.1064 8.03921514486859 0.40013550705184 1495.19774861794 160.901969223125 0.948184888138455 0.00234478568837043 0.330941325453778 0.00497778372968537
CLR 4 20 binary0.2 1.5 5 0 0.374950764948087 0.0191930077107629 3.82393515444422 0.377322599594912 0.9263 0.00261282050665559 0.7237 0.00447166982233706
CLR 1 30 binary0.2 1.5 5 0.0044 2.48094290774772 0.107438461659459 121.065872112046 35.1602077406871 0.940046041437294 0.0023792553262586 0.590231208087279 0.00492876464041301
CLR 4 30 binary0.2 1.5 5 0 0.149073850015116 0.0069981176289079 0.511910542588295 0.0737865365494771 0.9305 0.00254302477376844 0.8769 0.00328551959361073
CLR 1 40 binary0.2 1.5 5 1e-04 1.09490346470137 0.0393113539553078 16.6495483299104 0.871803297424516 0.9342 0.00247944565681051 0.7648 0.0042414496330263
CLR 4 40 binary0.2 1.5 5 0 0.095223062991727 0.00486082680466199 0.245320176337505 0.00416799010254838 0.9377 0.0024169962763728 0.9494 0.00219179469841498
CLR 1 50 binary0.2 1.5 5 0 0.669401395156608 0.028236490693703 8.42029499538671 0.584204622859924 0.9338 0.00248631373724235 0.8658 0.00340867070864875
CLR 4 50 binary0.2 1.5 5 0 0.0746672973832977 0.00425572493715774 0.186669041511247 0.00302850522154682 0.9387 0.00239879782391097 0.9784 0.00145373450120715
Firth 1 10 continuous 0 0 0 -0.001314883705047 0.00565938838820943 0.320256469528227 0.0129820010196657 0.9612 0.00193117995018589 0.0388 0.0019311799501859
Firth 4 10 continuous 0 0 0 0.000388331062273088 0.00369105525227953 0.136225415665942 0.00232840288229476 0.9529 0.00211852755469453 0.0471 0.00211852755469453
Firth 1 20 continuous 0 0 0 -0.00160185135339438 0.00342544361334265 0.11732747174571 0.00252757970654344 0.9587 0.00198983190244804 0.0413 0.00198983190244804
Firth 4 20 continuous 0 0 0 -0.00262640039263955 0.00251892630054998 0.0634504500653391 0.000958490843974902 0.9539 0.00209701669044383 0.0461 0.00209701669044383
Firth 1 30 continuous 0 0 0 0.000261815264491959 0.00273944131428079 0.0750379511524033 0.00132010521920972 0.9533 0.00210995521279481 0.0467 0.00210995521279481
Firth 4 30 continuous 0 0 0 -0.000790722067814976 0.00206942373838829 0.0428214888168293 0.000637544281706046 0.9504 0.00217117111255654 0.0496 0.00217117111255654
Firth 1 40 continuous 0 0 0 0.00241040519135921 0.00233533637255622 0.0545383159870543 0.000894231215231833 0.9497 0.0021856328602947 0.0503 0.0021856328602947
Firth 4 40 continuous 0 0 0 -0.00351512241316849 0.00179202804939666 0.0321227900192939 0.000474666871894553 0.9497 0.0021856328602947 0.0503 0.0021856328602947
Firth 1 50 continuous 0 0 0 -0.000364524783965889 0.00205428442861345 0.0421967579302414 0.000666061510880801 0.953 0.00211638843315683 0.047 0.00211638843315682
Firth 4 50 continuous 0 0 0 -0.00139304288933854 0.00161214202332931 0.0259893606004312 0.000373582639367702 0.9476 0.00222832313635164 0.0524 0.00222832313635164
Firth 1 10 binary0.05 0 0 0 0.000789044731247015 0.0108993900877182 1.18784886872992 0.00849204378991427 0.9998 0.0001414072133945 2e-04 0.000141407213394508
Firth 4 10 binary0.05 0 0 0 0.350017602711473 0.0101070114225149 1.14392696947648 0.0184148017440914 0.974 0.00159135162676261 0.026 0.00159135162676261
Firth 1 20 binary0.05 0 0 0 0.0240936177186313 0.0108507820520653 1.17785747435795 0.0114932285396916 0.9978 0.00046852534616603 0.0022 0.000468525346166032
Firth 4 20 binary0.05 0 0 0 0.149516044045171 0.00940497593787894 0.906802317775363 0.0131524423329015 0.9739 0.00159432713079844 0.0261 0.00159432713079844
Firth 1 30 binary0.05 0 0 0 -0.0260326083693918 0.0104831465356226 1.09953141321059 0.0128849219917578 0.9928 0.000845467917782809 0.0072 0.00084546791778281
Firth 4 30 binary0.05 0 0 0 0.0614779235469144 0.00887982873614341 0.792214267557648 0.0112705470255618 0.9676 0.00177059989833954 0.0324 0.00177059989833954
Firth 1 40 binary0.05 0 0 0 -0.00141889162809643 0.0101407358187063 1.02824440817839 0.0136239067420421 0.9848 0.00122347701245262 0.0152 0.00122347701245262
Firth 4 40 binary0.05 0 0 0 0.00519903102755489 0.00824005152531946 0.67894362287367 0.0100590382039885 0.9647 0.00184537015257102 0.0353 0.00184537015257102
Firth 1 50 binary0.05 0 0 0 0.014424167217931 0.00949786896255339 0.902212995383448 0.0134834475708519 0.9764 0.00151799341237042 0.0236 0.00151799341237042
Firth 4 50 binary0.05 0 0 0 0.00512163324116431 0.00765566362419811 0.586059477210232 0.00939567942558264 0.9605 0.00194781287602275 0.0395 0.00194781287602275
Firth 1 10 binary0.1 0 0 0 -0.0064433897415858 0.0108007702376314 1.1664912378947 0.0110430162678431 0.999 0.000316069612585582 0.001 0.000316069612585582
Firth 4 10 binary0.1 0 0 0 0.150963377721117 0.010029116534456 1.02852114285149 0.0148395669180617 0.972 0.0016497272501841 0.028 0.0016497272501841
Firth 1 20 binary0.1 0 0 0 -0.0166861591472307 0.010155942313062 1.03160692740524 0.0132553603714599 0.9903 0.000980097444135023 0.0097 0.000980097444135021
Firth 4 20 binary0.1 0 0 0 0.0372873741909405 0.0085319032896787 0.729251292344618 0.0110791487112125 0.9644 0.00185290690537868 0.0356 0.00185290690537868
Firth 1 30 binary0.1 0 0 0 -0.00163647578292279 0.0093000590829251 0.864827176413051 0.0133170955140603 0.973 0.00162083311910881 0.027 0.00162083311910881
Firth 4 30 binary0.1 0 0 0 0.00233982251780867 0.00731552847446617 0.535121526419813 0.00914760629382467 0.9583 0.00199902751356753 0.0417 0.00199902751356753
Firth 1 40 binary0.1 0 0 0 0.000591951556935208 0.00828621764747457 0.686545718016953 0.011875731627065 0.9638 0.00186787472813355 0.0362 0.00186787472813355
Firth 4 40 binary0.1 0 0 0 -0.0104039144276167 0.0064319397609425 0.413765362470263 0.00762537638359585 0.9546 0.00208179826111946 0.0454 0.00208179826111946
Firth 1 50 binary0.1 0 0 0 0.00044600222685358 0.00732661626156594 0.536739578054558 0.00958934376785597 0.9617 0.00191919540432964 0.0383 0.00191919540432964
Firth 4 50 binary0.1 0 0 0 -0.00305566772040399 0.00572913098834019 0.328205932978934 0.00597410947657166 0.9513 0.00215240121724552 0.0487 0.00215240121724552
Firth 1 10 binary0.2 0 0 0 -0.000674266619576372 0.0104268915444317 1.08709240736167 0.0131120294963307 0.9946 0.000732860150369766 0.0054 0.000732860150369769
Firth 4 10 binary0.2 0 0 0 0.0427360535848468 0.00919026468051908 0.846351558291071 0.0127505126724324 0.9665 0.00179938183829892 0.0335 0.00179938183829892
Firth 1 20 binary0.2 0 0 0 -0.000414735788897216 0.00854430846862047 0.729979238867986 0.0120551145442725 0.9734 0.00160911279902933 0.0266 0.00160911279902933
Firth 4 20 binary0.2 0 0 0 -0.00295037832213452 0.00686451426028609 0.471177143472921 0.0084183222840077 0.9542 0.00209051094232965 0.0458 0.00209051094232965
Firth 1 30 binary0.2 0 0 0 -0.0125512491413923 0.00733656067193884 0.538354933662924 0.00986213493719268 0.9603 0.00195253450673733 0.0397 0.00195253450673733
Firth 4 30 binary0.2 0 0 0 -0.0171430767001643 0.005595029744843 0.313306159177681 0.00539967990435456 0.9525 0.00212705782714058 0.0475 0.00212705782714058
Firth 1 40 binary0.2 0 0 0 0.00364122372856762 0.00617268450244805 0.380995496143907 0.00695614282413741 0.9589 0.00198521510169553 0.0411 0.00198521510169553
Firth 4 40 binary0.2 0 0 0 0.00113402309791694 0.00480199505729523 0.230569792154735 0.00363519674094858 0.9532 0.00211210227025113 0.0468 0.00211210227025114
Firth 1 50 binary0.2 0 0 0 -0.00618829098002868 0.00548400160059916 0.300750956225439 0.00545144418539096 0.957 0.00202857092555326 0.043 0.00202857092555326
Firth 4 50 binary0.2 0 0 0 0.00664816713439155 0.00427788987922986 0.1830293159726 0.00275267425337178 0.9495 0.00218974313562116 0.0505 0.00218974313562116
Firth 1 10 continuous 0.5 0 0 0.0187608167333652 0.00612338877023733 0.375273372669159 0.0151932789294348 0.9665 0.00179938183829892 0.1323 0.00338816631823174
Firth 4 10 continuous 0.5 0 0 0.00585673123521598 0.00394200052861763 0.155412443608811 0.00313618796526656 0.9558 0.00205539193342778 0.266 0.00441864232542078
Firth 1 20 continuous 0.5 0 0 0.00615640336010637 0.00409878785959838 0.168021720420325 0.00687569718838117 0.9545 0.0020839805661282 0.3009 0.0045864931047588
Firth 4 20 continuous 0.5 0 0 0.00104525950228267 0.00270230909938606 0.0730185347792054 0.00129171692471572 0.953 0.00211638843315683 0.5003 0.00499999909999992
Firth 1 30 continuous 0.5 0 0 0.00093832478021144 0.00311933191626386 0.0972934662600128 0.00192913634482551 0.951 0.0021586801523153 0.4383 0.00496178506185022
Firth 4 30 continuous 0.5 0 0 0.00355858010968656 0.00219691795749972 0.0482723221637323 0.000767188670093087 0.9521 0.00213554653426237 0.6787 0.00466975706006212
Firth 1 40 continuous 0.5 0 0 0.00657578158519802 0.00260598987196257 0.0679482818479582 0.00141076243562995 0.9592 0.00197826590730367 0.5769 0.00494050999391763
Firth 4 40 continuous 0.5 0 0 0.00199168901885822 0.00187763127803199 0.0352554334883721 0.000551349879369185 0.9508 0.00216285367050108 0.8009 0.00399323415291415
Firth 1 50 continuous 0.5 0 0 -0.0012227010940685 0.0023201727923609 0.0538281296602967 0.000910482569410378 0.9523 0.00213130734526956 0.6633 0.0047258132633442
Firth 4 50 continuous 0.5 0 0 -0.001719559566488 0.00167346059933868 0.028004860190115 0.00042478956482048 0.9522 0.00213342822705616 0.878 0.00327285807819404
Firth 1 10 binary0.05 0.5 0 0 -0.15434064294924 0.0105245369096654 1.13136903981791 0.0119239801771165 0.9943 0.000752828665766656 3e-04 0.000173179098045925
Firth 4 10 binary0.05 0.5 0 0 0.153984975792056 0.0105028121170538 1.12669168736865 0.0152906102710123 0.9874 0.00111540306616039 0.0537 0.00225424732449658
Firth 1 20 binary0.05 0.5 0 0 -0.11655675359827 0.0105478180490154 1.12603887629506 0.0131513784427191 0.9833 0.00128144878945669 0.0062 0.000784956049725079
Firth 4 20 binary0.05 0.5 0 0 0.0670609936580294 0.00960184714590691 0.926359667535405 0.0131173003251635 0.9782 0.00146029996918442 0.0849 0.0027873282906755
Firth 1 30 binary0.05 0.5 0 0 -0.0623109418067096 0.010116419188934 1.02719968359392 0.0132819896215517 0.9779 0.00147008809259854 0.0224 0.0014798053926108
Firth 4 30 binary0.05 0.5 0 0 0.0241783292911838 0.00837610818956877 0.702106316452513 0.0109865876127308 0.9687 0.00174127281033157 0.0977 0.00296908588626197
Firth 1 40 binary0.05 0.5 0 0 -0.0375519485508851 0.00947896647052655 0.89982835152828 0.0126470577760154 0.9737 0.00160025966642917 0.0342 0.00181742565184934
Firth 4 40 binary0.05 0.5 0 0 -0.011913367400344 0.00771523440146203 0.595330822175981 0.0100392642301864 0.959 0.00198290191386261 0.1197 0.00324610397245683
Firth 1 50 binary0.05 0.5 0 0 -0.0199091757942631 0.00896386684257273 0.803825112085762 0.0124533397506205 0.9701 0.00170311449996763 0.0565 0.00230884711490389
Firth 4 50 binary0.05 0.5 0 0 -0.000708461842271182 0.00674153731202165 0.454438306886647 0.00822017163460013 0.9587 0.00198983190244804 0.1399 0.00346883251253213
Firth 1 10 binary0.1 0.5 0 0 -0.124621993518405 0.0104665865028366 1.11091542204908 0.0129348804624883 0.9863 0.00116242462121206 0.003 0.000546900356555013
Firth 4 10 binary0.1 0.5 0 0 0.0581080204161923 0.0101485910035199 1.03321254170458 0.0147895013239475 0.9724 0.00163823807793617 0.0747 0.00262906656439125
Firth 1 20 binary0.1 0.5 0 0 -0.0411133255232234 0.0097490584917786 0.952036676155264 0.0131372755670534 0.9758 0.00153669645668883 0.0295 0.0016920328011005
Firth 4 20 binary0.1 0.5 0 0 0.00167840229704884 0.0079669986615384 0.63467002069614 0.0107654605303916 0.9604 0.00195017537672897 0.1054 0.0030706813576143
Firth 1 30 binary0.1 0.5 0 0 -0.0126637051029668 0.00869651134380834 0.756377835647277 0.0121655677912371 0.9657 0.00181998653841175 0.0623 0.0024169962763728
Firth 4 30 binary0.1 0.5 0 0 -0.0026925708876996 0.00650307084417408 0.422864264051052 0.00754203190491712 0.9593 0.00197594306598141 0.1328 0.00339358453556118
Firth 1 40 binary0.1 0.5 0 0 0.0162639408852404 0.00778896010678175 0.606882843323959 0.010427716490183 0.9588 0.0019875250941812 0.0886 0.00284165515149182
Firth 4 40 binary0.1 0.5 0 0 -0.0128943074993398 0.00566608522416359 0.32117937631897 0.00565084979571668 0.9565 0.00203979778409528 0.1535 0.00360468791991762
Firth 1 50 binary0.1 0.5 0 0 0.00392763562702438 0.00693442894738873 0.480830388280619 0.00895292907930577 0.9588 0.0019875250941812 0.1013 0.00301725554105051
Firth 4 50 binary0.1 0.5 0 0 0.00142671525323135 0.00500393155551419 0.250370306308109 0.00417035267050447 0.9556 0.00205982135147687 0.1913 0.00393324687758091
Firth 1 10 binary0.2 0.5 0 0 -0.0742112841946935 0.0100711561401308 1.01968774650482 0.0132425380928474 0.9798 0.00140683900997946 0.016 0.00125475097130865
Firth 4 10 binary0.2 0.5 0 0 -0.00595159568193963 0.00887709338620421 0.787984488578073 0.0133934469244227 0.9607 0.00194307771331977 0.0879 0.00283149412854768
Firth 1 20 binary0.2 0.5 0 0 -0.00431173098043251 0.00840764385235111 0.706832654028681 0.0114708759587328 0.9644 0.00185290690537868 0.0695 0.00254302477376844
Firth 4 20 binary0.2 0.5 0 0 0.00290085344902357 0.00638764795325727 0.407988076651876 0.00699796730015359 0.952 0.00213766227454198 0.1352 0.00341937070233691
Firth 1 30 binary0.2 0.5 0 0 0.0139543659686322 0.00693820085252989 0.481532896398984 0.00896341554054875 0.9564 0.0020420342798298 0.1018 0.00302385118681459
Firth 4 30 binary0.2 0.5 0 0 -0.00160151626610129 0.00510571360009917 0.260659610205361 0.00398961827730784 0.9533 0.00210995521279481 0.1714 0.00376858116537245
Firth 1 40 binary0.2 0.5 0 0 0.00844531578306912 0.00607939655289887 0.369624988770211 0.00665378553271624 0.9544 0.00208616010890823 0.1312 0.00337618956813743
Firth 4 40 binary0.2 0.5 0 0 0.000586803082431954 0.00440494079806376 0.194015975178889 0.00293148300310848 0.9505 0.00216909543358516 0.2127 0.00409217191720974
Firth 1 50 binary0.2 0.5 0 0 0.00237149650809072 0.00539994254749858 0.29157025977903 0.00510038970365767 0.9492 0.00219589070766284 0.1589 0.00365582808676776
Firth 4 50 binary0.2 0.5 0 0 -0.0042549403059835 0.00388551030193169 0.150974910390874 0.0023156341224633 0.9551 0.0020708449966137 0.2481 0.00431910164270303
Firth 1 10 continuous 1 0 0 -0.0417125721918653 0.00683071820996608 0.468280392607221 0.0162080578777425 0.9624 0.00190226811990318 0.4237 0.00494144017468592
Firth 4 10 continuous 1 0 0 0.0130045796134392 0.00521979822487537 0.272604807881535 0.00977971369262409 0.9521 0.00213554653426237 0.7534 0.00431031831771158
Firth 1 20 continuous 1 0 0 0.0052098544666681 0.00562018443548974 0.315860286999688 0.0159201052473527 0.9583 0.00199902751356753 0.813 0.00389911528426642
Firth 4 20 continuous 1 0 0 0.00323172345013063 0.00331291079909113 0.109753248285842 0.00229350012709351 0.9535 0.00210565310533335 0.9715 0.0016639636414297
Firth 1 30 continuous 1 0 0 0.00426163453831277 0.00449747382982949 0.202270642758099 0.0149598764994711 0.9536 0.00210349803898173 0.9519 0.00213977545550929
Firth 4 30 continuous 1 0 0 0.0006683535126022 0.00266823991539139 0.0711883696530501 0.00127127271501315 0.9473 0.00223433905215838 0.9973 0.000518913287553907
Firth 1 40 continuous 1 0 0 0.00399952177643877 0.00360373505385641 0.129872072652037 0.00321009194937752 0.951 0.0021586801523153 0.9883 0.00107531902243009
Firth 4 40 continuous 1 0 0 0.00172843406821045 0.00226973057754945 0.051514604754063 0.000865139785960646 0.953 0.00211638843315683 0.9999 9.99949998749882e-05
Firth 1 50 continuous 1 0 0 0.001711646907671 0.00320923616415809 0.10298459811178 0.00270096623113915 0.9513 0.00215240121724552 0.9978 0.00046852534616603
Firth 4 50 continuous 1 0 0 0.000172381149315293 0.00200540434956059 0.0402124741210208 0.000656007148620793 0.953 0.00211638843315683 1 0
Firth 1 10 binary0.05 1 0 0 -0.348753010803191 0.00989466474742684 1.10057466279348 0.0169911513303102 0.9705 0.0016920328011005 0.0023 0.000479031314216513
Firth 4 10 binary0.05 1 0 0 0.0433300109312437 0.0108476819772026 1.17848186042829 0.0142777445905174 0.9891 0.00103832509360027 0.1308 0.00337181494154113
Firth 1 20 binary0.05 1 0 0 -0.218001297045913 0.00976584775936291 1.00114701832179 0.0144050558999405 0.9624 0.00190226811990318 0.0295 0.0016920328011005
Firth 4 20 binary0.05 1 0 0 0.0087127892141772 0.00939292633520291 0.882258337016242 0.0136721373215224 0.9695 0.00171958570591872 0.2078 0.00405732867783718
Firth 1 30 binary0.05 1 0 0 -0.125444477153227 0.00942517668693062 0.903987038691253 0.0124622599479201 0.9618 0.00191678793819243 0.0772 0.00266908523655578
Firth 4 30 binary0.05 1 0 0 0.00814618204279359 0.00806406343938166 0.650292522706426 0.0115521912201124 0.9584 0.0019967333322204 0.2857 0.0045174717486665
Firth 1 40 binary0.05 1 0 0 -0.0594824775774791 0.00895408783160552 0.805214878410935 0.0114683011187863 0.9616 0.00192159933388831 0.1374 0.00344269138901529
Firth 4 40 binary0.05 1 0 0 0.00105425560576123 0.00702386562004741 0.493298659251479 0.0091986024512317 0.9545 0.0020839805661282 0.3467 0.00475919226339933
Firth 1 50 binary0.05 1 0 0 -0.0277598789780834 0.00844266464480597 0.713485195341124 0.010295550611748 0.9649 0.00184032578637588 0.1841 0.00387565723458615
Firth 4 50 binary0.05 1 0 0 -0.00390772664740808 0.00612968844048588 0.375708501021431 0.00668040113341569 0.9589 0.00198521510169553 0.4051 0.00490911387115842
Firth 1 10 binary0.1 1 0 0 -0.248965605025299 0.00985885268569705 1.03385643829207 0.0153274783714517 0.9601 0.0019572427033968 0.0135 0.0011540255629751
Firth 4 10 binary0.1 1 0 1e-04 -0.0146943411922917 0.0100069493109936 1.00140599072199 0.0149997510809126 0.971397139713971 0.00166695877036682 0.173517351735174 0.00378712849959251
Firth 1 20 binary0.1 1 0 0 -0.0959584144572158 0.00923897616787136 0.862709464929515 0.012027909128095 0.9604 0.00195017537672897 0.1039 0.00305130775242354
Firth 4 20 binary0.1 1 0 0 -0.00123672667674213 0.0075547891248052 0.570692841856901 0.0103888959087355 0.9604 0.00195017537672897 0.3021 0.00459168367812941
Firth 1 30 binary0.1 1 0 0 -0.0173105001278874 0.00830807272704132 0.690471353720335 0.0101086203035174 0.9678 0.0017653090381007 0.1954 0.00396508310127291
Firth 4 30 binary0.1 1 0 0 0.00399531169060878 0.00601042698795348 0.361232163058122 0.0059695410221532 0.9551 0.0020708449966137 0.4066 0.00491198982083636
Firth 1 40 binary0.1 1 0 0 -0.00673551928961505 0.00738201370117977 0.544932135937871 0.00872790520282082 0.9677 0.00176795673023974 0.272 0.00444989887525548
Firth 4 40 binary0.1 1 0 0 -0.00448493344224746 0.00519905879171049 0.270295207612284 0.00457964569873404 0.9513 0.00215240121724552 0.5038 0.0049998555979148
Firth 1 50 binary0.1 1 0 0 0.00204782792051907 0.00689518001167877 0.475391724026351 0.00848117956143023 0.9553 0.00206644404714959 0.3452 0.00475433444343159
Firth 4 50 binary0.1 1 0 0 -0.00320919665951955 0.00459047044224687 0.210713415335741 0.00335053873018434 0.9553 0.00206644404714959 0.5953 0.004908338924728
Firth 1 10 binary0.2 1 0 0 -0.135986613837624 0.00959567408319016 0.939169893289992 0.0128425915635025 0.9585 0.00199443601050522 0.0554 0.00228759349535707
Firth 4 10 binary0.2 1 0 0 -0.00259774895538198 0.00857275551043235 0.73485462657907 0.0123771309357596 0.9624 0.00190226811990318 0.2275 0.00419218022036267
Firth 1 20 binary0.2 1 0 0 -0.0216549320053436 0.00810347290919145 0.657066001706957 0.00983956048186843 0.969 0.0017331762749357 0.1992 0.00399398748120221
Firth 4 20 binary0.2 1 0 0 -0.00885961868221448 0.00621841185271293 0.386726283896833 0.00681573411419717 0.9503 0.00217324434889407 0.3974 0.00489360031060977
Firth 1 30 binary0.2 1 0 0 -0.00741848477913025 0.00702918470252917 0.494100000301536 0.00856160525924567 0.9549 0.00207523468552354 0.3156 0.00464754386746376
Firth 4 30 binary0.2 1 0 0 0.00771567283249052 0.0049606966472942 0.246120035360791 0.00408476769995517 0.9529 0.00211852755469453 0.5504 0.00497453354597192
Firth 1 40 binary0.2 1 0 0 -0.00495585456667095 0.00620385763669808 0.384864568409076 0.00718121317295182 0.9488 0.00220405444578849 0.4211 0.00493735546623899
Firth 4 40 binary0.2 1 0 0 -0.00196905800427168 0.00422497524798188 0.178490185234174 0.00271523268225337 0.9519 0.00213977545550929 0.664 0.00472338861412016
Firth 1 50 binary0.2 1 0 0 -0.0027071182303734 0.0054298371552367 0.294809160681469 0.00541990163419094 0.9515 0.00214820273717357 0.5132 0.00499825729629838
Firth 4 50 binary0.2 1 0 0 -0.00264452335043257 0.00381304704483646 0.145385731837346 0.00221289290555407 0.9513 0.00215240121724552 0.7534 0.00431031831771158
Firth 1 10 continuous 1.5 0 0 -0.21990493084696 0.0067616638029057 0.505513432348675 0.0120818601760163 0.9528 0.00212066404694379 0.7486 0.00433817980263612
Firth 4 10 continuous 1.5 0 0 0.0232568932234929 0.00703905346321356 0.495974071388539 0.0207369335262279 0.9579 0.00200817305031215 0.9707 0.00168646108760327
Firth 1 20 continuous 1.5 0 0 -0.0123689058604386 0.00749375429319587 0.561660367546695 0.0240378935526085 0.9603 0.00195253450673733 0.9874 0.00111540306616039
Firth 4 20 continuous 1.5 0 0 0.0106736120124078 0.00462262985377802 0.213779624937025 0.00702459940815632 0.9522 0.00213342822705616 0.9999 9.99949998749882e-05
Firth 1 30 continuous 1.5 0 0 0.0168444542085463 0.007304795997761 0.533830821282064 0.0574996012820849 0.9561 0.00204872618961149 0.9994 0.000244875478560032
Firth 4 30 continuous 1.5 0 0 0.00258703657823782 0.00357323823744972 0.127674239742483 0.00271580083462599 0.9499 0.00218151300706643 1 0
Firth 1 40 continuous 1.5 0 0 0.0117572981667689 0.00575026396296232 0.330760524961969 0.0234463260975798 0.9549 0.00207523468552354 1 0
Firth 4 40 continuous 1.5 0 0 -5.85229370973043e-05 0.00307518411369501 0.0945581199988227 0.00192807172248203 0.9472 0.00223633986683599 1 0
Firth 1 50 continuous 1.5 0 0 0.00238339947948886 0.00465597832148182 0.216765343760036 0.006786328588572 0.9556 0.00205982135147687 1 0
Firth 4 50 continuous 1.5 0 0 -0.000593366413857984 0.00267946028910471 0.0717882469851512 0.00130944515016378 0.9546 0.00208179826111946 1 0
Firth 1 10 binary0.05 1.5 0 0 -0.547640060037377 0.00904123851788979 1.1172678307375 0.020280584372851 0.9851 0.0012115275481804 0.0092 0.000954743944730732
Firth 4 10 binary0.05 1.5 0 0 -0.0462372070734245 0.0106928383998614 1.14539147298041 0.0141186578069817 0.9814 0.0013510751274448 0.2453 0.00430264930014055
Firth 1 20 binary0.05 1.5 0 0 -0.30215620822964 0.00890952830796767 0.88501594118183 0.0142847869710826 0.9788 0.00144050546684141 0.0927 0.00290011568734766
Firth 4 20 binary0.05 1.5 0 0 -0.0136831015542583 0.00902461014101288 0.81454166565268 0.0129674560296214 0.9655 0.00182509588789192 0.424 0.00494190246767376
Firth 1 30 binary0.05 1.5 0 0 -0.160352839999853 0.00874917026132478 0.791116287932241 0.0108717870619544 0.978 0.00146683332386471 0.2316 0.00421854761736785
Firth 4 30 binary0.05 1.5 0 0 -0.00778984271080006 0.0076305419690397 0.582254163891478 0.0102635341805923 0.9551 0.0020708449966137 0.5634 0.00495964151930359
Firth 1 40 binary0.05 1.5 0 0 -0.0747524525066678 0.00854273645175074 0.735298411650399 0.00904199287756577 0.9701 0.00170311449996763 0.3685 0.00482397916662168
Firth 4 40 binary0.05 1.5 0 0 0.0014117448221549 0.00647124861874338 0.418730702820639 0.0075965748687914 0.9535 0.00210565310533335 0.6782 0.00467166736829582
Firth 1 50 binary0.05 1.5 0 0 -0.0510468800198635 0.00797783624518876 0.63900084963907 0.00807137979827031 0.971 0.0016780643611018 0.4642 0.00498716713174925
Firth 4 50 binary0.05 1.5 0 0 0.0048839288009596 0.00574270872377725 0.329777908918521 0.00588990682435291 0.9529 0.00211852755469453 0.7674 0.00422489337143554
Firth 1 10 binary0.1 1.5 0 0 -0.366285218643346 0.00903577487342681 0.950535491801511 0.0157728516283337 0.9816 0.00134392856953039 0.0509 0.00219793516737869
Firth 4 10 binary0.1 1.5 0 1e-04 -0.0264552409509775 0.00969841469194884 0.941104236648792 0.0141989951221248 0.968496849684969 0.00174681862855252 0.356535653565357 0.00478999922123814
Firth 1 20 binary0.1 1.5 0 0 -0.14778156597085 0.00861906081466335 0.764647196300145 0.00969513752349647 0.9745 0.001576380347505 0.2733 0.00445653576222608
Firth 4 20 binary0.1 1.5 0 0 0.0014961922665645 0.00729270541534078 0.53178457778843 0.00956531130453998 0.9533 0.00210995521279481 0.6034 0.00489191618897953
Firth 1 30 binary0.1 1.5 0 0 -0.0656370524564033 0.00802092026958943 0.647595507204315 0.00834499089838718 0.9716 0.00166112732805165 0.4589 0.00498307926888586
Firth 4 30 binary0.1 1.5 0 0 -0.000665407681574134 0.00584998961328915 0.342190005144816 0.00599053295899779 0.9528 0.00212066404694379 0.7633 0.00425056596231608
Firth 1 40 binary0.1 1.5 0 0 -0.0173248763655145 0.00749741913768738 0.56235687730897 0.00833127413965047 0.9674 0.00177587274318854 0.6059 0.00488656515356134
Firth 4 40 binary0.1 1.5 0 0 0.00186539714318455 0.00501520482514793 0.251501121808935 0.00409657785769007 0.9518 0.00214188608473934 0.8666 0.0034000652934907
Firth 1 50 binary0.1 1.5 0 0 0.00634121685212439 0.00691468758588016 0.478121442230008 0.00802312710681718 0.9619 0.0019143769221342 0.7269 0.00445551781502442
Firth 4 50 binary0.1 1.5 0 0 -0.00208703303159942 0.00444529030981114 0.197590654485945 0.0031149942023003 0.9538 0.00209917983984222 0.9259 0.00261933560278174
Firth 1 10 binary0.2 1.5 0 0 -0.226509535284341 0.0088593618886242 0.83611101201774 0.0117262193766311 0.9759 0.00153359675273522 0.1526 0.00359601501665385
Firth 4 10 binary0.2 1.5 0 0 0.00362812372355659 0.00862288655630793 0.743480534738757 0.0120368799261003 0.9579 0.00200817305031215 0.463 0.00498629120689917
Firth 1 20 binary0.2 1.5 0 0 -0.0445547023886131 0.00813824002494869 0.664228397591014 0.0083889161488709 0.9721 0.00164686338231196 0.459 0.00498316164698678
Firth 4 20 binary0.2 1.5 0 0 -0.000673659901487808 0.00615296346675803 0.378552189090833 0.00684529261425413 0.9539 0.00209701669044383 0.7412 0.00437975524430304
Firth 1 30 binary0.2 1.5 0 0 0.00145572331874519 0.00729058641081414 0.531475468615647 0.00831626918744671 0.9657 0.00181998653841175 0.6642 0.00472269372286622
Firth 4 30 binary0.2 1.5 0 0 -0.0044628332274092 0.00494724315760018 0.244747590269773 0.0039139238540576 0.9516 0.00214609971809327 0.8876 0.00315857942752751
Firth 1 40 binary0.2 1.5 0 0 0.00524524468253527 0.00647893616346605 0.419751674080651 0.00750887561183165 0.96 0.00195959179422654 0.7962 0.00402821995427261
Firth 4 40 binary0.2 1.5 0 0 -0.00197752033366604 0.00433054837462398 0.187521649187029 0.00309851811321196 0.9514 0.00215030323442997 0.9539 0.00209701669044383
Firth 1 50 binary0.2 1.5 0 0 0.000333446742491726 0.00585864583517868 0.343203097676271 0.00680200221792114 0.9539 0.00209701669044383 0.8769 0.00328551959361073
Firth 4 50 binary0.2 1.5 0 0 0.000147285279151075 0.00384756442426284 0.148022737929484 0.00233812942076558 0.9522 0.00213342822705616 0.9844 0.00123921910895531
Firth 1 10 continuous 0 1 3e-04 0.00572934131310827 0.00609503046249078 0.371378191153434 0.0119529340596574 0.96518955686706 0.00183326917852974 0.0348104431329399 0.00183326917852974
Firth 4 10 continuous 0 1 0 0.00228283429295008 0.0037587552476583 0.141273493209386 0.00264107261278048 0.9563 0.00204426783959441 0.0437 0.00204426783959441
Firth 1 20 continuous 0 1 0 -0.0022933376592667 0.00362711371657915 0.131551642573672 0.00322678405086029 0.9555 0.00206203176503176 0.0445 0.00206203176503176
Firth 4 20 continuous 0 1 0 -0.00431781566056184 0.00256783893848252 0.0659500178751347 0.00103713367360601 0.9495 0.00218974313562116 0.0505 0.00218974313562116
Firth 1 30 continuous 0 1 0 -0.00306545368148058 0.00274713564237908 0.0754693926283305 0.00133579308925481 0.9547 0.00207961318518613 0.0453 0.00207961318518613
Firth 4 30 continuous 0 1 0 9.62574225584779e-05 0.00209727975015618 0.0439814341872928 0.000681500345344558 0.9485 0.00221015270965605 0.0515 0.00221015270965605
Firth 1 40 continuous 0 1 0 0.00446105187180665 0.0023358952001928 0.0545785084402545 0.000906032628682161 0.956 0.00205095099892708 0.044 0.00205095099892708
Firth 4 40 continuous 0 1 0 -0.00144381280347263 0.00178137298153508 0.0317318082991439 0.000468240416062907 0.952 0.00213766227454198 0.048 0.00213766227454198
Firth 1 50 continuous 0 1 0 0.00284708522636075 0.00212219179719938 0.0450405824372651 0.000726285980711225 0.9511 0.00215658966889856 0.0489 0.00215658966889856
Firth 4 50 continuous 0 1 0 0.00046683139867989 0.00161059858390801 0.0259379018886213 0.000368815511428313 0.9494 0.00219179469841498 0.0506 0.00219179469841498
Firth 1 10 binary0.05 0 1 3e-04 0.0156447376463299 0.0135726599737631 1.8416788770549 0.0532188382995915 0.994298289486846 0.000753053934393974 0.00570171051315395 0.000753053934393975
Firth 4 10 binary0.05 0 1 0.0198 0.319062286674878 0.0104638828704711 1.17494011394693 0.0201003575844244 0.972658641093654 0.00164714913884717 0.0273413589063456 0.00164714913884717
Firth 1 20 binary0.05 0 1 0 -0.000435814434607289 0.0116217333205496 1.35051197898857 0.0168768490385607 0.9929 0.00083961836568765 0.0071 0.00083961836568765
Firth 4 20 binary0.05 0 1 0.0066 0.150711874756154 0.00968208689858912 0.953861368261134 0.0142106738783628 0.970706663982283 0.00169186748629103 0.0292933360177169 0.00169186748629103
Firth 1 30 binary0.05 0 1 0 0.0153854626824847 0.0108619629301132 1.17994111717479 0.0147575537352929 0.9868 0.00114130451677017 0.0132 0.00114130451677017
Firth 4 30 binary0.05 0 1 0.0015 0.0614710478640922 0.00884094981223896 0.784152027253474 0.0111204483704242 0.968452679018528 0.00174922795818926 0.0315473209814722 0.00174922795818926
Firth 1 40 binary0.05 0 1 0 -0.00270125663509157 0.0103214130703652 1.0652164429107 0.0145013778902995 0.9785 0.00145043958853859 0.0215 0.00145043958853859
Firth 4 40 binary0.05 0 1 1e-04 0.0178123311101923 0.00823508360547973 0.678347665828011 0.0101302974712174 0.967096709670967 0.00178392393893844 0.0329032903290329 0.00178392393893843
Firth 1 50 binary0.05 0 1 0 -0.00184038498429711 0.0095985091211837 0.921225029134008 0.0140117785157539 0.9716 0.00166112732805165 0.0284 0.00166112732805165
Firth 4 50 binary0.05 0 1 0 0.0127450203734393 0.00768884990584706 0.59128744587789 0.00933705060624042 0.9605 0.00194781287602275 0.0395 0.00194781287602275
Firth 1 10 binary0.1 0 1 6e-04 -0.00747469823532111 0.0131191828676473 1.71998067154759 0.0348621784451456 0.992695617370422 0.00085178529296357 0.00730438262957775 0.000851785292963569
Firth 4 10 binary0.1 0 1 0.007 0.141201482832833 0.0104485892291632 1.10391674335357 0.0207565969745624 0.972809667673716 0.00163209927755316 0.027190332326284 0.00163209927755316
Firth 1 20 binary0.1 0 1 0 0.0101933320229086 0.0109252556087073 1.19359664396353 0.0180019941246592 0.9775 0.00148302899499639 0.0225 0.00148302899499639
Firth 4 20 binary0.1 0 1 1e-04 0.0193759648518413 0.00872326383959632 0.761176557501995 0.0112328541201178 0.965196519651965 0.00183290909920445 0.0348034803480348 0.00183290909920445
Firth 1 30 binary0.1 0 1 0 -0.00477943710003077 0.00937790434788968 0.879385797510716 0.0141222286216548 0.9689 0.00173587989215844 0.0311 0.00173587989215844
Firth 4 30 binary0.1 0 1 0 -0.000457654205772719 0.00732994329852073 0.537227168973902 0.00912505976522813 0.9575 0.00201726919373692 0.0425 0.00201726919373692
Firth 1 40 binary0.1 0 1 0 0.00809682540055967 0.00845610109774837 0.715050510689204 0.0124613473893135 0.9584 0.0019967333322204 0.0416 0.0019967333322204
Firth 4 40 binary0.1 0 1 0 -0.0183798928787873 0.00650100916055237 0.422926758397989 0.00800600556842388 0.954 0.00209485083001153 0.046 0.00209485083001153
Firth 1 50 binary0.1 0 1 0 -0.000650043646333134 0.00755299752620325 0.570421091093436 0.0107046568841731 0.958 0.0020058913230781 0.042 0.0020058913230781
Firth 4 50 binary0.1 0 1 0 -0.0100422345681595 0.00574746034998279 0.330400817920888 0.00609443825335067 0.9541 0.00209268225012781 0.0459 0.00209268225012781
Firth 1 10 binary0.2 0 1 7e-04 -0.000307700221615797 0.0123720426201525 1.52944994111936 0.0354772700287831 0.983388371860302 0.00127855875647944 0.0166116281396978 0.00127855875647944
Firth 4 10 binary0.2 0 1 7e-04 0.0108150269199349 0.00949339694390195 0.900641823467873 0.0149454681733912 0.966776743720604 0.00179281819773283 0.0332232562793956 0.00179281819773283
Firth 1 20 binary0.2 0 1 0 -0.0150803525456254 0.00944609719796302 0.892425711014276 0.0170388937097642 0.9611 0.00193356639399841 0.0389 0.00193356639399841
Firth 4 20 binary0.2 0 1 0 -0.00811179213692684 0.00690099839174813 0.476255965421973 0.00860977691263866 0.958 0.0020058913230781 0.042 0.0020058913230781
Firth 1 30 binary0.2 0 1 0 -0.0108641287154106 0.00747482506831522 0.558792254302077 0.010538450831625 0.9549 0.00207523468552354 0.0451 0.00207523468552354
Firth 4 30 binary0.2 0 1 0 0.00356604780658871 0.0055285383741768 0.305629517507858 0.00520040501921891 0.9549 0.00207523468552354 0.0451 0.00207523468552354
Firth 1 40 binary0.2 0 1 0 0.00588667974025356 0.00640614054505919 0.410379981192195 0.00761069020318254 0.9552 0.00206864593393843 0.0448 0.00206864593393843
Firth 4 40 binary0.2 0 1 0 -0.00213908528428799 0.00478037777902837 0.228501840776425 0.00370719334468232 0.954 0.00209485083001153 0.046 0.00209485083001153
Firth 1 50 binary0.2 0 1 0 -0.00524064797312696 0.00563053669190053 0.317025195836124 0.00545654701968523 0.9513 0.00215240121724552 0.0487 0.00215240121724552
Firth 4 50 binary0.2 0 1 0 0.00806195784823713 0.00421646251425329 0.177832777949244 0.00280661498444854 0.953 0.00211638843315683 0.047 0.00211638843315682
Firth 1 10 continuous 0.5 1 4e-04 0.0143918154322601 0.00640797871026395 0.41062372490764 0.0130885260080808 0.966486594637855 0.00180008939529407 0.122048819527811 0.00327407671707729
Firth 4 10 continuous 0.5 1 0 0.0046718906923724 0.00410954102496171 0.168888212593639 0.0043456820931263 0.9534 0.00210780549387271 0.2554 0.00436085817242432
Firth 1 20 continuous 0.5 1 0 0.0139524651386737 0.00420126326114883 0.176683150565246 0.00598039248721085 0.9566 0.00203755834272298 0.2837 0.00450792979093508
Firth 4 20 continuous 0.5 1 0 0.00257096560143188 0.00273725453094581 0.0749247409735901 0.00122514894868936 0.9522 0.00213342822705616 0.4915 0.00499927744779183
Firth 1 30 continuous 0.5 1 0 0.00250966120509186 0.00322524634296794 0.104018035913673 0.0030209447341836 0.9542 0.00209051094232965 0.4273 0.00494686476467671
Firth 4 30 continuous 0.5 1 0 -0.00169599133605839 0.00219621995516699 0.0482318739192577 0.000761536899642647 0.9536 0.00210349803898173 0.6624 0.00472891361731212
Firth 1 40 continuous 0.5 1 0 0.00280287926407985 0.00267099087461777 0.0713426444628306 0.00148947940618174 0.9533 0.00210995521279481 0.5645 0.00495822296795939
Firth 4 40 continuous 0.5 1 0 -0.0041585555893725 0.00189855465724575 0.0360587869402983 0.000549672046210602 0.9502 0.00217531514958178 0.7924 0.00405588757240632
Firth 1 50 continuous 0.5 1 0 0.00230053045026152 0.00233410462307541 0.0544802883105809 0.000979542935494428 0.9543 0.00208833689810816 0.6687 0.00470680687940349
Firth 4 50 continuous 0.5 1 0 -0.00107007320585536 0.00170413354292469 0.0290389523067443 0.00043172039676459 0.9481 0.00221825133832936 0.8742 0.00331623823028443
Firth 1 10 binary0.05 0.5 1 2e-04 -0.171502819602705 0.0130990683972939 1.74475438912287 0.0379773097623567 0.989397879575915 0.00102429555448434 0.00690138027605521 0.000827956656521985
Firth 4 10 binary0.05 0.5 1 0.0204 0.136504806128218 0.0109646308568402 1.19621911874933 0.0182795480414622 0.979787668436096 0.00142183697285015 0.0540016333197223 0.00228362218183025
Firth 1 20 binary0.05 0.5 1 0 -0.101048718493894 0.0112871477701813 1.28408049166356 0.0188456858592891 0.9852 0.00120751645951515 0.0153 0.00122743268654538
Firth 4 20 binary0.05 0.5 1 0.0046 0.0548960662235739 0.00981267091325445 0.961373122613885 0.0141550203810893 0.972071529033554 0.00165148210892832 0.0846895720313442 0.00279061777404735
Firth 1 30 binary0.05 0.5 1 0 -0.0829007031625116 0.0104169321392724 1.0918887660517 0.0155272804536083 0.9755 0.00154595439777504 0.0292 0.00168366742559212
Firth 4 30 binary0.05 0.5 1 7e-04 0.00657554402034495 0.00863603653263578 0.74525785869342 0.0120210370254371 0.965175622936055 0.0018339897615628 0.0939657760432303 0.00291883274731649
Firth 1 40 binary0.05 0.5 1 0 -0.036971435373552 0.00974626239984365 0.951168205068875 0.0136542879593614 0.9736 0.00160321676637939 0.0478 0.00213342822705616
Firth 4 40 binary0.05 0.5 1 0 0.00102638279396662 0.00760704099188819 0.57861391291166 0.0100912964799295 0.9598 0.00196428002077097 0.1179 0.00322489674253301
Firth 1 50 binary0.05 0.5 1 0 -0.0282287909407403 0.00909078404002493 0.827137766907232 0.0130149746163551 0.9647 0.00184537015257102 0.0591 0.00235811768154178
Firth 4 50 binary0.05 0.5 1 0 -0.00135058340027932 0.00670729910627014 0.44983544922394 0.00800638741300115 0.9601 0.0019572427033968 0.1344 0.00341081573820692
Firth 1 10 binary0.1 0.5 1 8e-04 -0.109619369646529 0.012571995556375 1.5911446332464 0.0359375598091546 0.985388310648519 0.0012004047508363 0.0121096877502002 0.00109419474088668
Firth 4 10 binary0.1 0.5 1 0.006 0.0567944903428012 0.0104864551708489 1.09617512437047 0.0170748400415014 0.973038229376258 0.00162459818739293 0.0731388329979879 0.0026114887808457
Firth 1 20 binary0.1 0.5 1 0 -0.0330160290763051 0.0104795584787183 1.09919169611881 0.0173641801194211 0.9721 0.00164686338231196 0.0452 0.00207742532958468
Firth 4 20 binary0.1 0.5 1 0 0.00606269826433422 0.00804246406356485 0.646784357219351 0.0110364760173933 0.9594 0.00197361698411825 0.1056 0.00307324974579028
Firth 1 30 binary0.1 0.5 1 0 0.00191100675629816 0.00895334458321789 0.801547281825966 0.0132336491853759 0.9654 0.00182764438554113 0.071 0.00256824843035093
Firth 4 30 binary0.1 0.5 1 0 -0.00102792881554612 0.00674539179039871 0.45495866038703 0.00816677268176632 0.9509 0.00216076815045021 0.139 0.00345946527659984
Firth 1 40 binary0.1 0.5 1 0 0.0127921812345626 0.0079035910912245 0.62476869452143 0.011068413428788 0.9591 0.0019805855194866 0.092 0.00289025950392002
Firth 4 40 binary0.1 0.5 1 0 0.00544353724498897 0.00562904872958232 0.316859841908261 0.00542496087196155 0.9529 0.00211852755469453 0.1622 0.00368634181811725
Firth 1 50 binary0.1 0.5 1 0 0.00689069007474737 0.00707950873714919 0.501191801759463 0.00917332434804131 0.9562 0.00204649847300212 0.1048 0.00306295543552302
Firth 4 50 binary0.1 0.5 1 0 -0.00596879983069608 0.00507675886865257 0.257744659195234 0.00412569473220986 0.9534 0.00210780549387271 0.1876 0.00390392417959161
Firth 1 10 binary0.2 0.5 1 8e-04 -0.0505966035937268 0.0119298079410859 1.42448230854958 0.0277537821046478 0.976281024819856 0.00152233128250119 0.0288230584467574 0.00167375928704638
Firth 4 10 binary0.2 0.5 1 0 0.0112621044842039 0.0092894846874999 0.862985798064606 0.0148846315583551 0.9564 0.0020420342798298 0.0889 0.00284599349964121
Firth 1 20 binary0.2 0.5 1 0 -0.00338211773667408 0.00880465007844266 0.775152546895583 0.014012315193077 0.966 0.00181229136730273 0.0708 0.00256490467659132
Firth 4 20 binary0.2 0.5 1 0 -0.00179106067336461 0.00646035956142705 0.417323928281893 0.00722360980524789 0.9523 0.00213130734526956 0.1333 0.00339898676078622
Firth 1 30 binary0.2 0.5 1 0 0.00851190930059296 0.00727706918427652 0.529576855991499 0.00999224076610373 0.9531 0.00211424667434999 0.1083 0.00310758925857328
Firth 4 30 binary0.2 0.5 1 0 0.0025402687671424 0.00522622574291579 0.273113494689049 0.00443245417245443 0.9522 0.00213342822705616 0.1811 0.00385101012722636
Firth 1 40 binary0.2 0.5 1 0 -0.00451166239166877 0.00601801924699993 0.362149695114496 0.00642036663017924 0.955 0.00207304124416279 0.1258 0.00331623823028443
Firth 4 40 binary0.2 0.5 1 0 -0.000623532907220933 0.00442042221747985 0.195382174468602 0.00297613063970182 0.9507 0.00216493671962947 0.2085 0.00406236076684482
Firth 1 50 binary0.2 0.5 1 0 0.00410458301318827 0.00542037085122246 0.293791668829368 0.00488953397743829 0.9517 0.00214399416976819 0.1537 0.00360660934951375
Firth 4 50 binary0.2 0.5 1 0 0.00573661478786386 0.00396571504675472 0.15728614017396 0.00238793796249505 0.9533 0.00210995521279481 0.2539 0.0043524107113185
Firth 1 10 continuous 1 1 4e-04 -0.0872885149361113 0.00637725307461956 0.414109505833309 0.0127488712120602 0.965586234493798 0.00182325959073379 0.36624649859944 0.00481874342558199
Firth 4 10 continuous 1 1 0 0.0124910491721863 0.00531434976587144 0.282550918336165 0.00927585283157124 0.9529 0.00211852755469453 0.7387 0.00439343043645851
Firth 1 20 continuous 1 1 0 0.0125692643488498 0.00596342276442763 0.35574653466814 0.0219063071982255 0.959 0.00198290191386261 0.7876 0.00409006405817806
Firth 4 20 continuous 1 1 0 -0.000622468345054301 0.00336715089792061 0.113366101455346 0.00290716295721426 0.9529 0.00211852755469453 0.9651 0.00183526537590617
Firth 1 30 continuous 1 1 1e-04 0.0111595390434286 0.00482072344377594 0.232471801776329 0.0366676988026368 0.956195619561956 0.00204669845524566 0.942394239423942 0.00233008081836514
Firth 4 30 continuous 1 1 0 -0.00134791392722055 0.00267622700074555 0.071616564276191 0.00135202060803759 0.95 0.00217944947177034 0.9968 0.000564779603031128
Firth 1 40 continuous 1 1 0 0.0064231264324574 0.00369869357795643 0.136830918055144 0.00386534397842985 0.9522 0.00213342822705616 0.986 0.00117490425141796
Firth 4 40 continuous 1 1 0 0.00179948504116288 0.00229863222892496 0.052835055674815 0.000867711204324031 0.9503 0.00217324434889407 0.9996 0.000199959995999189
Firth 1 50 continuous 1 1 0 0.00242870665912821 0.00322605689107699 0.104069921817625 0.00238076826717653 0.9529 0.00211852755469453 0.9978 0.00046852534616603
Firth 4 50 continuous 1 1 0 -0.00209536724439922 0.0020376190078546 0.0415191508843714 0.000694476726295338 0.9498 0.00218357413430367 1 0
Firth 1 10 binary0.05 1 1 5e-04 -0.329062438663176 0.0126451975123108 1.7063328836717 0.0397695088393458 0.976988494247124 0.00149977408189852 0.0112056028014007 0.001052880812689
Firth 4 10 binary0.05 1 1 0.026 0.0117166853816149 0.0114754908181015 1.28263589771589 0.0180173389368519 0.985420944558522 0.00121449605844004 0.119712525667351 0.00328929314142029
Firth 1 20 binary0.05 1 1 1e-04 -0.18383378349463 0.0105804914024413 1.15303894952865 0.0174140673732596 0.972397239723972 0.00163839959272447 0.0448044804480448 0.00206884796714831
Firth 4 20 binary0.05 1 1 0.0054 0.0165050804919884 0.00955586534100448 0.908395740903305 0.0145353795126047 0.962095314699377 0.00191483461634979 0.203699979891414 0.0040384027499654
Firth 1 30 binary0.05 1 1 0 -0.119779673217041 0.00978880134319254 0.972457666849125 0.0143517956714194 0.9679 0.00176265680153568 0.0931 0.00290572521068321
Firth 4 30 binary0.05 1 1 5e-04 -0.00284524617005027 0.00819523015942113 0.67122309830043 0.011757366475475 0.954377188594297 0.00208717876716809 0.27663831915958 0.00447447945982909
Firth 1 40 binary0.05 1 1 0 -0.0627775856601578 0.00913819037891831 0.83892275275147 0.0118066878243553 0.9664 0.00180197225283854 0.1395 0.00346467530946263
Firth 4 40 binary0.05 1 1 0 0.022476399517691 0.00685777105483078 0.470748397916189 0.00861332749093398 0.9579 0.00200817305031215 0.3501 0.0047700103773472
Firth 1 50 binary0.05 1 1 0 -0.0426883498337282 0.0085535309946813 0.733378057088787 0.0109063279929714 0.9655 0.00182509588789192 0.1917 0.00393638298441602
Firth 4 50 binary0.05 1 1 0 -6.93345705411628e-06 0.00620448683147978 0.384918072811291 0.00676623549891774 0.9515 0.00214820273717357 0.403 0.00490500764525398
Firth 1 10 binary0.1 1 1 5e-04 -0.240260796656386 0.0119184946044169 1.47737808368329 0.0306544874432636 0.969984992496248 0.00170671237072576 0.0273136568284142 0.00163036534049247
Firth 4 10 binary0.1 1 1 0.0041 0.00838403841855135 0.0103775759064077 1.07248795760163 0.017355072945134 0.970780198815142 0.00168768432525831 0.169294105833919 0.00375782627531858
Firth 1 20 binary0.1 1 1 0 -0.0809766456458425 0.00977224050736021 0.961428565792435 0.0166178997118566 0.9676 0.00177059989833954 0.1157 0.00319864830827023
Firth 4 20 binary0.1 1 1 0 0.0055740106897784 0.00760533116756301 0.578383850216054 0.0104329759925736 0.9577 0.00201272725424982 0.2984 0.00457555941934973
Firth 1 30 binary0.1 1 1 0 -0.0232155827278119 0.00864806902069464 0.748355152050587 0.0113504222169988 0.9624 0.00190226811990318 0.2018 0.00401343693111029
Firth 4 30 binary0.1 1 1 0 -0.00838991625570814 0.00608543419157028 0.370358451184805 0.00634754194449475 0.9568 0.00203307058411655 0.401 0.00490101009996919
Firth 1 40 binary0.1 1 1 0 0.00106771476354009 0.00761913690116207 0.580455559954195 0.00955927004626016 0.9595 0.00197128765024286 0.273 0.00445500841750047
Firth 4 40 binary0.1 1 1 0 0.00265642102573055 0.00526178391690373 0.276843070084546 0.00433205129947538 0.9535 0.00210565310533335 0.5038 0.0049998555979148
Firth 1 50 binary0.1 1 1 0 0.00752804884187751 0.00691729016620546 0.478497855050949 0.00846798059582117 0.96 0.00195959179422654 0.3417 0.00474279569452449
Firth 4 50 binary0.1 1 1 0 0.00573991536691895 0.00460204175594172 0.211799651074408 0.00324105544545166 0.9524 0.00212918388120895 0.5924 0.00491388074743374
Firth 1 10 binary0.2 1 1 7e-04 -0.101619649641316 0.0113256613234528 1.29200643249347 0.0278071965303752 0.968277794456119 0.00175320915511252 0.0736515560892625 0.00261294463647061
Firth 4 10 binary0.2 1 1 2e-04 -0.0176979342400774 0.00896914778059699 0.804527999142512 0.0158559169610668 0.959591918383677 0.00196934062979069 0.217043408681736 0.00412273648614385
Firth 1 20 binary0.2 1 1 0 -0.00990853796369952 0.00868576845920471 0.754448473820002 0.0186438044239471 0.967 0.00178636502428815 0.2044 0.00403262495156691
Firth 4 20 binary0.2 1 1 0 0.0041605565950555 0.00609990809117351 0.3720688885601 0.00601749643734442 0.954 0.00209485083001153 0.3886 0.00487432087577336
Firth 1 30 binary0.2 1 1 0 0.018805613672998 0.00740599768919347 0.548786820027236 0.00957058431796448 0.955 0.00207304124416279 0.3267 0.00469006513814041
Firth 4 30 binary0.2 1 1 0 0.00220686077384703 0.00491458804926163 0.241512473998233 0.00368312943460905 0.9534 0.00210780549387271 0.5332 0.00498896542381284
Firth 1 40 binary0.2 1 1 0 0.00941140496723943 0.00628279608350248 0.394784367285574 0.00728397287048851 0.9513 0.00215240121724552 0.4203 0.00493607040063247
Firth 4 40 binary0.2 1 1 0 0.00359657395614099 0.00429942035916529 0.184844604576846 0.00278557977501113 0.9524 0.00212918388120895 0.6643 0.00472234592125566
Firth 1 50 binary0.2 1 1 0 0.00479124676862171 0.0055460704212512 0.307581168323256 0.00595526724767973 0.9564 0.0020420342798298 0.5014 0.00499998039996158
Firth 4 50 binary0.2 1 1 0 -0.00784377689987958 0.00381327789476404 0.145457866774714 0.0021444813891082 0.9525 0.00212705782714058 0.7429 0.0043703499859851
Firth 1 10 continuous 1.5 1 2e-04 -0.348632776122805 0.00574196808216713 0.451147876560985 0.00955459142594238 0.957191438287658 0.00202445512653607 0.667333466693339 0.00471215364465476
Firth 4 10 continuous 1.5 1 1e-04 0.0239542119431047 0.00734986396725794 0.540670766641108 0.0257213754419818 0.959095909590959 0.00198077937397829 0.964696469646965 0.00184555133110308
Firth 1 20 continuous 1.5 1 1e-04 -0.0413302507296173 0.00732050726117928 0.537499275582038 0.0229495827998015 0.95969596959696 0.00196681173183148 0.979097909790979 0.00143063760463196
Firth 4 20 continuous 1.5 1 0 0.0195734742012197 0.00484147492959888 0.234758475952156 0.00863128854131446 0.9519 0.00213977545550929 1 0
Firth 1 30 continuous 1.5 1 1e-04 0.0224872148534852 0.00729943244831665 0.53321625207911 0.0355534408293945 0.954295429542954 0.00208854075131065 0.999299929992999 0.00026450895523089
Firth 4 30 continuous 1.5 1 0 -0.000219298391691848 0.00358242830654899 0.128325140014847 0.00277745791458201 0.9522 0.00213342822705616 1 0
Firth 1 40 continuous 1.5 1 1e-04 0.0153333561390055 0.00587808916988986 0.345685330837672 0.0188515226742406 0.951695169516952 0.00214420314900889 0.999899989999 0.00010000499987492
Firth 4 40 continuous 1.5 1 0 0.00754039186588387 0.00309627156517643 0.0959162466650871 0.00181801477182233 0.954 0.00209485083001153 1 0
Firth 1 50 continuous 1.5 1 0 0.00130550206220809 0.00488704020464695 0.238809440792029 0.0112454032676469 0.9531 0.00211424667434999 1 0
Firth 4 50 continuous 1.5 1 0 0.00418625359466642 0.002695556942763 0.0726705310087054 0.00135252465134133 0.9555 0.00206203176503176 1 0
Firth 1 10 binary0.05 1.5 1 5e-04 -0.492366269093759 0.0115628745142094 1.57862301285265 0.0451462479957898 0.973186593296648 0.00161578159647738 0.0228114057028514 0.0014933919971326
Firth 4 10 binary0.05 1.5 1 0.0227 -0.0574988571072317 0.0114783621706284 1.29079446179838 0.0192084589502542 0.980354036631536 0.00140382892419181 0.245267573928169 0.00435213765052143
Firth 1 20 binary0.05 1.5 1 0 -0.281552060382756 0.00962076411564965 1.00477002529332 0.0172681150333602 0.9698 0.0017113725485703 0.1155 0.00319624388931758
Firth 4 20 binary0.05 1.5 1 0.0033 -0.0205995906669805 0.0092260977001858 0.848739020991093 0.0138968512193758 0.961673522624661 0.00192300783040939 0.414668405738938 0.004934796268234
Firth 1 30 binary0.05 1.5 1 0 -0.153606091937637 0.0090149202425313 0.836201432485381 0.0117638366432131 0.9667 0.0017941881172274 0.2505 0.00433300992382893
Firth 4 30 binary0.05 1.5 1 2e-04 0.00356549484660815 0.00767726909981196 0.58924049968028 0.0106476850175996 0.953490698139628 0.00210606404727813 0.561312262452491 0.00496276197782902
Firth 1 40 binary0.05 1.5 1 0 -0.0890742168834962 0.0085453557183247 0.7380922365361 0.00932923890955524 0.9701 0.00170311449996763 0.3614 0.00480406119861103
Firth 4 40 binary0.05 1.5 1 0 0.0112122152737584 0.00662823613105188 0.439416922346952 0.00836880798992193 0.9531 0.00211424667434999 0.6758 0.004680751649041
Firth 1 50 binary0.05 1.5 1 0 -0.0467131038958483 0.00820379972759492 0.67513811145048 0.0088160221698322 0.9689 0.00173587989215844 0.4638 0.00498687838231493
Firth 4 50 binary0.05 1.5 1 0 -0.000592632940738228 0.00577541076055503 0.333520690375698 0.00625380131007624 0.9543 0.00208833689810816 0.7673 0.00422552612108835
Firth 1 10 binary0.1 1.5 1 7e-04 -0.321762029972228 0.0112917134725645 1.37753871305163 0.0377330764156838 0.9696787751426 0.00171529717224949 0.0770539377564295 0.00266770397428423
Firth 4 10 binary0.1 1.5 1 0.0021 0.0033054649784676 0.010094594456108 1.01677748001245 0.0167637257801956 0.967832448141096 0.00176630453013815 0.35183886160938 0.00478046217704884
Firth 1 20 binary0.1 1.5 1 0 -0.0994100449837944 0.00916412012740987 0.849609353041957 0.0123740946459986 0.9692 0.00172775461220626 0.2893 0.00453437437801512
Firth 4 20 binary0.1 1.5 1 0 -0.000662959346838115 0.00745914992271549 0.556333976292991 0.0101338113531524 0.9525 0.00212705782714058 0.5868 0.0049240812340984
Firth 1 30 binary0.1 1.5 1 0 -0.0357853422022347 0.00841251505244878 0.708913915383797 0.0104104512324322 0.9677 0.00176795673023974 0.4661 0.00498849466272141
Firth 4 30 binary0.1 1.5 1 0 0.00737020103462423 0.00589616442367605 0.347667104218613 0.0060572589045967 0.9509 0.00216076815045021 0.7598 0.00427204822070163
Firth 1 40 binary0.1 1.5 1 0 -0.0166426508575885 0.0076353309589893 0.583201468081718 0.00893868815130751 0.9604 0.00195017537672897 0.5984 0.0049022182733942
Firth 4 40 binary0.1 1.5 1 0 0.00124187657041408 0.0051123789867843 0.261339594883648 0.00479197277843816 0.9514 0.00215030323442997 0.8621 0.00344794997063473
Firth 1 50 binary0.1 1.5 1 0 -0.00392608142452414 0.00701259895692303 0.491731678877603 0.00823073501760443 0.9586 0.00199213553755762 0.7117 0.00452971422939682
Firth 4 50 binary0.1 1.5 1 0 -0.00192516493637253 0.00453484606071373 0.205631429374946 0.00325496947616228 0.9496 0.00218768919181862 0.9183 0.00273907119294114
Firth 1 10 binary0.2 1.5 1 4e-04 -0.167072292456768 0.0107304828404133 1.17877005448086 0.0317659003877263 0.970088035214086 0.00170378551140794 0.169867947178872 0.00375591873450782
Firth 4 10 binary0.2 1.5 1 1e-04 -0.0224186149179958 0.00887307186115708 0.787659174018912 0.0139092355030865 0.95979597959796 0.00196447235402238 0.436043604360436 0.00495917506117785
Firth 1 20 binary0.2 1.5 1 1e-04 -0.0190758217018201 0.00876209676291339 0.767953735120805 0.0148848065307986 0.967196719671967 0.0017813028425164 0.449244924492449 0.00497442124449609
Firth 4 20 binary0.2 1.5 1 0 0.00963811648261205 0.00622438958166026 0.387484406906475 0.00687718039388956 0.955 0.00207304124416279 0.7417 0.00437699794379664
Firth 1 30 binary0.2 1.5 1 0 0.00239512361132465 0.00760403418902293 0.578161274759463 0.0111728779074929 0.9634 0.00187777634450964 0.649 0.00477282934955776
Firth 4 30 binary0.2 1.5 1 0 -0.00687961057091811 0.00503651163592786 0.253686457180517 0.00437150948695237 0.9519 0.00213977545550929 0.8814 0.00323317243585924
Firth 1 40 binary0.2 1.5 1 0 -0.00507744792427478 0.00652751690955232 0.426067942045332 0.00769075222218767 0.9533 0.00210995521279481 0.7799 0.00414313878599305
Firth 4 40 binary0.2 1.5 1 0 -0.00193282832140016 0.0042381340416226 0.179603575592768 0.00283997842747398 0.9551 0.0020708449966137 0.9539 0.00209701669044383
Firth 1 50 binary0.2 1.5 1 0 0.00239724302439404 0.00594642752373031 0.353570389723597 0.00686691554065498 0.9536 0.00210349803898173 0.873 0.00332972971876097
Firth 4 50 binary0.2 1.5 1 0 0.00594223119890227 0.00379728451235511 0.144214587419674 0.00221230268441193 0.9516 0.00214609971809327 0.9851 0.0012115275481804
Firth 1 10 continuous 0 5 0.0157 0.00294642514832618 0.00713413583675381 0.500926071520018 0.0108283530995693 0.98902773544651 0.00104999837757711 0.0109722645534898 0.00104999837757711
Firth 4 10 continuous 0 5 0 -0.00653599070152139 0.00432685186039578 0.187240467745532 0.00430174415863856 0.9568 0.00203307058411655 0.0432 0.00203307058411655
Firth 1 20 continuous 0 5 4e-04 -0.0102264280439788 0.00490510621442989 0.240584949244051 0.00829483598964461 0.952480992396959 0.00212788775889898 0.0475190076030412 0.00212788775889898
Firth 4 20 continuous 0 5 0 0.00079098119509986 0.00267460675328309 0.0715286849770417 0.00113642946423947 0.9506 0.0021670173049609 0.0494 0.0021670173049609
Firth 1 30 continuous 0 5 0 -0.000311127547334173 0.00325001937829092 0.105615793767057 0.00272240434928442 0.9518 0.00214188608473934 0.0482 0.00214188608473934
Firth 4 30 continuous 0 5 0 0.00108993977132223 0.00213293034515872 0.0454905571498365 0.000688776224938993 0.9492 0.00219589070766284 0.0508 0.00219589070766284
Firth 1 40 continuous 0 5 0 0.000121031825389743 0.0025296104593369 0.0639829064794934 0.00110362970896812 0.9559 0.0020531729103999 0.0441 0.0020531729103999
Firth 4 40 continuous 0 5 0 0.00226121743625882 0.00180593695850478 0.0326159346769306 0.000485741456612593 0.9507 0.00216493671962947 0.0493 0.00216493671962947
Firth 1 50 continuous 0 5 0 0.000588130717097465 0.00218406344454869 0.0476969070627497 0.000784012549601658 0.9536 0.00210349803898173 0.0464 0.00210349803898173
Firth 4 50 continuous 0 5 0 0.0012355386994802 0.00160158613289243 0.0256497428884701 0.000370111842123993 0.9527 0.00212279791784334 0.0473 0.00212279791784334
Firth 1 10 binary0.05 0 5 0.0111 -0.0269599290854477 0.0226183882814153 5.05934347555869 0.108763891869076 0.994134897360704 0.000767863951534518 0.00586510263929619 0.000767863951534519
Firth 4 10 binary0.05 0 5 0.0032 0.367963731807127 0.0136831986038824 2.00151796076522 0.0464821853665453 0.96930176565008 0.00172775510893888 0.0306982343499197 0.00172775510893888
Firth 1 20 binary0.05 0 5 0.0027 0.0286214893011421 0.0165184116944879 2.72175841683833 0.0734066411605231 0.978241251378723 0.00146092201689476 0.0217587486212774 0.00146092201689476
Firth 4 20 binary0.05 0 5 0.0011 0.133567136793784 0.010447233225115 1.10797726444604 0.0168829373497558 0.970867954750225 0.00168269174705326 0.0291320452497748 0.00168269174705326
Firth 1 30 binary0.05 0 5 2e-04 0.0205145388090866 0.0129764713307055 1.68380376184418 0.0275483389681216 0.975495099019804 0.00154625976623193 0.024504900980196 0.00154625976623193
Firth 4 30 binary0.05 0 5 4e-04 0.0622834167012714 0.00940533203782142 0.88803963005898 0.0130646180534021 0.965986394557823 0.00181300380634482 0.0340136054421769 0.00181300380634482
Firth 1 40 binary0.05 0 5 0 0.0228390080204084 0.0115514878013505 1.33475688766441 0.0201908266630867 0.9709 0.00168086852549508 0.0291 0.00168086852549508
Firth 4 40 binary0.05 0 5 0 0.0268259881408078 0.00837414786424605 0.701913031809846 0.0106579490131091 0.9659 0.00181486060070739 0.0341 0.00181486060070739
Firth 1 50 binary0.05 0 5 0 0.00611850237013627 0.0105261427770058 1.10792345400861 0.0176944946277695 0.967 0.00178636502428815 0.033 0.00178636502428815
Firth 4 50 binary0.05 0 5 0 0.00400861086757253 0.00777037721030431 0.603743310103262 0.00973997884954483 0.958 0.0020058913230781 0.042 0.0020058913230781
Firth 1 10 binary0.1 0 5 0.0144 -0.0245792926225498 0.0201892989782017 4.01757894391941 0.0864853930525799 0.992086038961039 0.000892526820531906 0.00791396103896104 0.000892526820531907
Firth 4 10 binary0.1 0 5 0.0018 0.147884501538057 0.0126207058598049 1.6116656276807 0.0351294800335211 0.972450410739331 0.00163825881493867 0.0275495892606692 0.00163825881493867
Firth 1 20 binary0.1 0 5 0.0023 -0.00319929768154237 0.0151699130837222 2.29574983487129 0.0574105825945113 0.966823694497344 0.00179303045972815 0.0331763055026561 0.00179303045972815
Firth 4 20 binary0.1 0 5 0 0.0156769558790313 0.00906881262103771 0.822597147138206 0.0132077752194197 0.9625 0.00189983551919633 0.0375 0.00189983551919633
Firth 1 30 binary0.1 0 5 1e-04 0.0093786057357226 0.011141685379775 1.24121121495826 0.0221977265537592 0.96039603960396 0.00195036639240049 0.0396039603960396 0.00195036639240049
Firth 4 30 binary0.1 0 5 0 0.00727706124809 0.00762934310177935 0.582063510390928 0.0103610424436856 0.9535 0.00210565310533335 0.0465 0.00210565310533335
Firth 1 40 binary0.1 0 5 0 0.00235250360164847 0.0091815323527694 0.842926597186367 0.0171921294282004 0.9585 0.00199443601050522 0.0415 0.00199443601050523
Firth 4 40 binary0.1 0 5 0 -0.00778821896461032 0.00655299435176946 0.429435064362891 0.00775751188907267 0.9513 0.00215240121724552 0.0487 0.00215240121724552
Firth 1 50 binary0.1 0 5 0 -0.0106331064251307 0.00801725150478995 0.642812003541125 0.0119871721525912 0.9551 0.0020708449966137 0.0449 0.0020708449966137
Firth 4 50 binary0.1 0 5 0 -0.0106336818981118 0.00592446732329632 0.351071106525703 0.00681716624911248 0.9485 0.00221015270965605 0.0515 0.00221015270965605
Firth 1 10 binary0.2 0 5 0.0162 -0.00676879403998851 0.0177574020583545 3.10190106675177 0.0679245981514461 0.990750152470014 0.000965152526461497 0.00924984752998577 0.000965152526461494
Firth 4 10 binary0.2 0 5 3e-04 -0.00779499175704044 0.0111367874464995 1.23984499604306 0.0263880556514547 0.960988296488947 0.00193651854657947 0.0390117035110533 0.00193651854657947
Firth 1 20 binary0.2 0 5 0.0021 -0.00407305307932192 0.0124394785930951 1.54401857263339 0.0431570541023881 0.957410562180579 0.00202141995926955 0.0425894378194208 0.00202141995926954
Firth 4 20 binary0.2 0 5 0 -0.0144146354009782 0.00727645193632752 0.529622362777805 0.00952886532533056 0.9511 0.00215658966889856 0.0489 0.00215658966889856
Firth 1 30 binary0.2 0 5 0 0.0108915149664647 0.0086187623148559 0.742874980434228 0.0177909804935846 0.9538 0.00209917983984222 0.0462 0.00209917983984222
Firth 4 30 binary0.2 0 5 0 -0.00149909650855161 0.00579771520716849 0.336103650023047 0.00578521319637711 0.9503 0.00217324434889407 0.0497 0.00217324434889407
Firth 1 40 binary0.2 0 5 0 0.00475632994719883 0.00704768364923135 0.49667140102618 0.0109805603738576 0.9507 0.00216493671962947 0.0493 0.00216493671962947
Firth 4 40 binary0.2 0 5 0 -0.00185218648489199 0.0048922394503687 0.239319564985374 0.00407190483560378 0.9502 0.00217531514958178 0.0498 0.00217531514958178
Firth 1 50 binary0.2 0 5 0 5.58385649461632e-05 0.00598736545130566 0.358449605047785 0.0064313011789469 0.9523 0.00213130734526956 0.0477 0.00213130734526956
Firth 4 50 binary0.2 0 5 0 0.00119416237022437 0.0043078088733386 0.185555041698625 0.00282157383385958 0.9534 0.00210780549387271 0.0466 0.00210780549387272
Firth 1 10 continuous 0.5 5 0.0154 -0.11944819927485 0.00619475950170779 0.392070193130976 0.00781489553815462 0.981007515742434 0.00137561574857231 0.026508226691042 0.00161892438671179
Firth 4 10 continuous 0.5 5 5e-04 0.0261190174493566 0.00489088475811586 0.239746215721917 0.00677592243222064 0.955577788894447 0.00206082782693528 0.224012006003002 0.00417034274325857
Firth 1 20 continuous 0.5 5 9e-04 0.0442437671142025 0.00521633400577102 0.27378681412149 0.00854069731470047 0.96286657992193 0.0018917382814466 0.2251025923331 0.00417837941011191
Firth 4 20 continuous 0.5 5 0 0.00387541053552168 0.00286268499154104 0.0819564774494012 0.00151340928855859 0.9526 0.00212492917529032 0.4633 0.0049865129098399
Firth 1 30 continuous 0.5 5 1e-04 0.0218927632677918 0.00373548329159771 0.139989739630713 0.00457335744761974 0.958695869586959 0.00199002661866134 0.372537253725373 0.00483504525288779
Firth 4 30 continuous 0.5 5 0 -0.00217976794381623 0.00226535872642648 0.0513181211320954 0.000797439706144984 0.9537 0.00210134028657902 0.6479 0.00477624947003399
Firth 1 40 continuous 0.5 5 0 0.0133871600019725 0.0029438382441326 0.0868323859454881 0.00235758908423337 0.952 0.00213766227454198 0.5214 0.00499541830080325
Firth 4 40 continuous 0.5 5 0 0.00271393064061923 0.00194781417457771 0.0379433720263221 0.00058283701006013 0.9524 0.00212918388120895 0.7801 0.00414178693319683
Firth 1 50 continuous 0.5 5 0 0.00852050743102184 0.00252516488635253 0.0638307996218566 0.00133575185758814 0.9525 0.00212705782714058 0.6318 0.0048231603746921
Firth 4 50 continuous 0.5 5 0 -0.000311187384256276 0.00171313066214704 0.0293453286768063 0.000444069201012453 0.9545 0.0020839805661282 0.871 0.00335199940334124
Firth 1 10 binary0.05 0.5 5 0.0142 -0.152824580240451 0.022123717701016 4.84795158092537 0.104792900721045 0.991073240008115 0.000947338957511595 0.00781091499289917 0.000886653170399975
Firth 4 10 binary0.05 0.5 5 0.0035 0.192996789734285 0.0137410530924728 1.91861576630605 0.0355376102917526 0.976818866031109 0.00150742497487364 0.0547917711991972 0.00227972659270501
Firth 1 20 binary0.05 0.5 5 0.0016 -0.118055518213327 0.0158182128829204 2.51184202387475 0.0572845092077184 0.973858173076923 0.00159684785052065 0.0268429487179487 0.00161753725305833
Firth 4 20 binary0.05 0.5 5 0.0011 0.0446129600084663 0.0105578004579524 1.115324215494 0.0174145286415332 0.967063770147162 0.00178567941626356 0.0743818200020022 0.00262535678214907
Firth 1 30 binary0.05 0.5 5 2e-04 -0.0395979193324905 0.0126318240424844 1.59671909268241 0.0287670899957469 0.969393878775755 0.00172265265309575 0.0410082016403281 0.00198329009269289
Firth 4 30 binary0.05 0.5 5 1e-04 0.0225297436896195 0.00886112138237143 0.785545271937614 0.0128639357848999 0.961296129612961 0.00192897905028226 0.0963096309630963 0.00295030151384348
Firth 1 40 binary0.05 0.5 5 0 -0.0323815540915582 0.0109359218885892 1.19687284619108 0.0196505543603392 0.9651 0.00183526537590617 0.0531 0.0022423289232403
Firth 4 40 binary0.05 0.5 5 0 0.0114382505889389 0.00786587658337513 0.618789105811001 0.0106051258997378 0.9577 0.00201272725424982 0.1196 0.00324493204859516
Firth 1 50 binary0.05 0.5 5 0 -0.012958678724787 0.00984419589064179 0.969152946494851 0.016499947145498 0.961 0.0019359493795035 0.0667 0.00249501723440941
Firth 4 50 binary0.05 0.5 5 0 -0.00401877876386402 0.00702328141705156 0.493231642731911 0.00893802467811886 0.9545 0.0020839805661282 0.1323 0.00338816631823174
Firth 1 10 binary0.1 0.5 5 0.0145 -0.161476788393707 0.0194137587686455 3.7399885201506 0.0809041540087863 0.989041095890411 0.00104872692411822 0.0076103500761035 0.000875417282413545
Firth 4 10 binary0.1 0.5 5 0.001 0.0824855403364402 0.0129540753165477 1.68303864869212 0.0425634435906422 0.967867867867868 0.00176439193508078 0.0676676676676677 0.00251300430414299
Firth 1 20 binary0.1 0.5 5 0.0012 0.011699611774012 0.0141467778512617 1.9988484094387 0.0453034497471176 0.963155786944333 0.00188492313484308 0.0497597116539848 0.00217578701484554
Firth 4 20 binary0.1 0.5 5 0 0.00498980909248205 0.00870283070703257 0.757341782085152 0.0132441247535772 0.953 0.00211638843315683 0.1038 0.00305000918031405
Firth 1 30 binary0.1 0.5 5 1e-04 0.0148662174581566 0.0106374220683414 1.13154217752537 0.0264639679555095 0.961996199619962 0.00191214978109712 0.0689068906890689 0.00253308404162585
Firth 4 30 binary0.1 0.5 5 0 0.0100691869853132 0.00682737952229567 0.466185886830025 0.00814910661895821 0.953 0.00211638843315683 0.1332 0.00339790759144506
Firth 1 40 binary0.1 0.5 5 0 0.0257584861237951 0.00862213158071759 0.744000688406472 0.0134814399215465 0.9607 0.00194307771331977 0.0889 0.00284599349964121
Firth 4 40 binary0.1 0.5 5 0 -0.00305867140744972 0.00583876506590027 0.340887039241058 0.00610723910413685 0.9537 0.00210134028657902 0.158 0.0036474100400147
Firth 1 50 binary0.1 0.5 5 0 0.0124252424346911 0.00742237306983594 0.551015514905831 0.010205473335299 0.9539 0.00209701669044383 0.1014 0.00301857648569653
Firth 4 50 binary0.1 0.5 5 0 -0.00447725611778949 0.005093136225781 0.259394471929357 0.00446574536105384 0.9524 0.00212918388120895 0.178 0.0038251274488571
Firth 1 10 binary0.2 0.5 5 0.0146 -0.11175377228909 0.0165359947660654 2.70668458358748 0.0564347568619649 0.988126649076517 0.0010911555826341 0.0131926121372032 0.00114941090806531
Firth 4 10 binary0.2 0.5 5 1e-04 0.0272682174344405 0.011213774900766 1.2579795334375 0.0335914083530703 0.953795379537954 0.00209938469381143 0.083008300830083 0.00275908563435286
Firth 1 20 binary0.2 0.5 5 8e-04 0.0352062475771666 0.0118294038735651 1.3993280267436 0.0411437641778296 0.958767013610889 0.00198908217038892 0.0683546837469976 0.00252454565423024
Firth 4 20 binary0.2 0.5 5 0 0.00398380345114451 0.0066455423528786 0.441604039095804 0.00790199794405551 0.9532 0.00211210227025113 0.1204 0.00325428701868781
Firth 1 30 binary0.2 0.5 5 0 0.0299197394454351 0.00830109292425196 0.689907720035403 0.0170653313046057 0.9535 0.00210565310533335 0.0965 0.00295275718608896
Firth 4 30 binary0.2 0.5 5 0 -0.0090522541949494 0.00527642431793333 0.278460638481209 0.00472405200224121 0.9526 0.00212492917529032 0.1635 0.00369821240601456
Firth 1 40 binary0.2 0.5 5 0 0.00905275942465561 0.00670748471827362 0.449940474560696 0.00806406353444076 0.9514 0.00215030323442997 0.1269 0.00332860916900738
Firth 4 40 binary0.2 0.5 5 0 0.00196263648548019 0.00450700048621972 0.203114072716441 0.00302566597214556 0.9524 0.00212918388120895 0.209 0.00406594392484697
Firth 1 50 binary0.2 0.5 5 0 0.00600627554977986 0.00568051858253887 0.322686720720308 0.00576576000544959 0.954 0.00209485083001153 0.1404 0.00347401554400668
Firth 4 50 binary0.2 0.5 5 0 -0.00512736614622395 0.00403882389846139 0.163130962612944 0.00239155004825319 0.9486 0.00220812227922278 0.2469 0.00431208058830073
Firth 1 10 continuous 1 5 0.0106 -0.395755759994408 0.00495834846784952 0.399844198365445 0.00688260286612812 0.976652516676774 0.00151811307485146 0.077824944410754 0.00269327153971524
Firth 4 10 continuous 1 5 9e-04 0.0392551726538663 0.00614954353319033 0.379331656389449 0.014685630977293 0.965969372435192 0.001813895142853 0.66249624662196 0.0047307122781004
Firth 1 20 continuous 1 5 0.0017 -0.0224232669947382 0.00543969664780417 0.295873173710873 0.00759772993035166 0.968145847941501 0.00175761148788785 0.658819993989783 0.00474509198830436
Firth 4 20 continuous 1 5 0 0.0176907541942097 0.00381893783023745 0.146141240009996 0.00429037223480126 0.9524 0.00212918388120895 0.9579 0.00200817305031215
Firth 1 30 continuous 1 5 5e-04 0.0500090346849618 0.00559888077385068 0.315787477952551 0.0158041800336402 0.958279139569785 0.00200000575875053 0.893646823411706 0.00308366216177312
Firth 4 30 continuous 1 5 0 0.00536369369383039 0.00284061919632219 0.0807118742777641 0.00156233894820251 0.9498 0.00218357413430367 0.9961 0.000623280835578956
Firth 1 40 continuous 1 5 0 0.0277792862444322 0.00455025788180214 0.207799451806484 0.0109341283386594 0.9554 0.0020642393272099 0.9744 0.00157938722294439
Firth 4 40 continuous 1 5 0 0.00536641893302377 0.00240323188021042 0.057778257629292 0.00102320569910645 0.9493 0.00219384388687983 0.9997 0.000173179098045915
Firth 1 50 continuous 1 5 0 0.0134569826266131 0.00354259537880711 0.12566836057885 0.0040866255269868 0.9548 0.00207742532958468 0.9926 0.000857043756175842
Firth 4 50 continuous 1 5 0 -0.000741470546133928 0.00207134399713515 0.0429009188572944 0.000733214223593956 0.9528 0.00212066404694379 1 0
Firth 1 10 binary0.05 1 5 0.0111 -0.394721144363273 0.0206772038315426 4.38338712779047 0.0980266725271582 0.983314794215795 0.00128805937180987 0.0112245929821013 0.00105939505279823
Firth 4 10 binary0.05 1 5 0.0036 0.119201669747267 0.0142188515940578 2.02848594220476 0.0424899435611262 0.974407868325973 0.001582001031983 0.112705740666399 0.00316803517617508
Firth 1 20 binary0.05 1 5 0.0021 -0.133522621511254 0.0151347518240526 2.3033960825308 0.0823255127472018 0.971540234492434 0.0016645718381106 0.0502054314059525 0.00218598250159368
Firth 4 20 binary0.05 1 5 1e-04 0.0220012414634148 0.0103154274954757 1.06435168268127 0.0175366675320792 0.965896589658966 0.00181503890069486 0.185718571857186 0.00388898840516822
Firth 1 30 binary0.05 1 5 0 -0.0717513058762447 0.0115891935923559 1.34810802169786 0.0258460758204563 0.9684 0.0017493267276298 0.0921 0.00289167062439691
Firth 4 30 binary0.05 1 5 0 0.00174711524254588 0.00855589880740917 0.731963893033525 0.0127488437585624 0.9547 0.00207961318518613 0.2679 0.0044286520522615
Firth 1 40 binary0.05 1 5 0 -0.0323911863926825 0.0103062236346489 1.06312542678426 0.0185477851195462 0.9618 0.00191678793819243 0.1442 0.00351292413809351
Firth 4 40 binary0.05 1 5 0 -0.00433630110884324 0.00718343666144958 0.51598482443562 0.00944799635551607 0.9569 0.00203082224726833 0.325 0.0046837484987988
Firth 1 50 binary0.05 1 5 0 -0.00276255887408819 0.00925039448473013 0.855620043164666 0.0139701455102159 0.9651 0.00183526537590617 0.1887 0.00391270124083094
Firth 4 50 binary0.05 1 5 0 0.0153864878548712 0.0062821654594664 0.394853307006775 0.00688741235692809 0.9538 0.00209917983984222 0.4032 0.00490540273575983
Firth 1 10 binary0.1 1 5 0.0143 -0.311311066779978 0.017836706294451 3.23258216947821 0.0701737520182112 0.984275134422238 0.00125308158978688 0.0122755402252207 0.001109087557063
Firth 4 10 binary0.1 1 5 0.0013 0.0634402122674877 0.012965316902785 1.6826656922355 0.0418604108395516 0.963252227896265 0.00188264308444088 0.148192650445579 0.0035552201545616
Firth 1 20 binary0.1 1 5 0.0019 -0.0127484199988343 0.013291209639162 1.76319193386056 0.0451507896462689 0.967638513175033 0.00177126596746133 0.103095882176135 0.00304373361558777
Firth 4 20 binary0.1 1 5 0 0.00808078644467625 0.00823022041616952 0.677362843568801 0.0122038080847154 0.9541 0.00209268225012781 0.2752 0.0044661500198717
Firth 1 30 binary0.1 1 5 1e-04 0.0274981599386547 0.0100072813292058 1.00201265345952 0.0212304135801619 0.965196519651965 0.00183290909920445 0.188018801880188 0.0039074672144467
Firth 4 30 binary0.1 1 5 0 -0.00106381622040272 0.00628727985901348 0.395260482072491 0.00689716111730156 0.9538 0.00209917983984222 0.3899 0.00487727372617121
Firth 1 40 binary0.1 1 5 0 0.0306193226440234 0.00844593598154276 0.714204555127762 0.0153926998098449 0.9573 0.00202179895142915 0.2506 0.00433358558240171
Firth 4 40 binary0.1 1 5 0 0.00421233177745891 0.00534102686070363 0.285254896438654 0.00475750805955097 0.9533 0.00210995521279481 0.4841 0.00499747126054768
Firth 1 50 binary0.1 1 5 0 0.0193762951110744 0.00738374943701327 0.545518478542422 0.00990323444136627 0.9586 0.00199213553755762 0.3227 0.00467509048040784
Firth 4 50 binary0.1 1 5 0 0.00101284368286631 0.00467892330138505 0.218902366131506 0.00352532163586539 0.9529 0.00211852755469453 0.5797 0.00493607040063247
Firth 1 10 binary0.2 1 5 0.0157 -0.252508675070108 0.0149158591665285 2.25343688670401 0.0452156700077249 0.981306512242203 0.0013651606669458 0.0199126282637407 0.00140809821283741
Firth 4 10 binary0.2 1 5 6e-04 0.0371349814601093 0.010894372013466 1.18742161113499 0.0328283228374012 0.956373824294577 0.00204323227479196 0.192715629377627 0.00394550018884365
Firth 1 20 binary0.2 1 5 0.0011 0.0740848620195838 0.0118012385035293 1.39650963818967 0.0406670962160143 0.965061567724497 0.00183724980830241 0.167584342777055 0.00373702354324438
Firth 4 20 binary0.2 1 5 0 0.00105459706752144 0.00653731777613413 0.427323612712861 0.00802345965776692 0.9551 0.0020708449966137 0.3617 0.00480492570181892
Firth 1 30 binary0.2 1 5 1e-04 0.0510200236620411 0.00879865814096314 0.776612060859683 0.0276806123570429 0.958095809580958 0.00200380249697453 0.273327332733273 0.00445689764130581
Firth 4 30 binary0.2 1 5 0 0.0043023446591568 0.00512803161816117 0.262959296229895 0.00411253331139289 0.9503 0.00217324434889407 0.5223 0.00499502462456393
Firth 1 40 binary0.2 1 5 0 0.0117490610545182 0.00674903395257869 0.455587083906968 0.00971196455715652 0.9552 0.00206864593393843 0.3785 0.00485013144151785
Firth 4 40 binary0.2 1 5 0 0.000259862568006155 0.00442881705010515 0.196124657741111 0.00300787212756883 0.9501 0.00217738352156895 0.639 0.00480290537071052
Firth 1 50 binary0.2 1 5 0 0.00454515674916606 0.00580993726078791 0.337540612821818 0.00673283306600641 0.9543 0.00208833689810816 0.4659 0.00498835834719199
Firth 4 50 binary0.2 1 5 0 -9.5551617027952e-05 0.00385401742181493 0.148519658556354 0.00227470159554392 0.9542 0.00209051094232965 0.7413 0.00437920437979321
Firth 1 10 continuous 1.5 5 0.0092 -0.82546440624418 0.00378686621943236 0.823461390528795 0.00725451158048285 0.96770286637061 0.00177606969901765 0.133124747678644 0.00341283036577933
Firth 4 10 continuous 1.5 5 0.0015 -0.0708180489133256 0.0062611316932753 0.396405668535965 0.0114673227315059 0.967551326990486 0.00177321518747591 0.920681021532298 0.00270438872757578
Firth 1 20 continuous 1.5 5 0.0014 -0.319312301942487 0.00482018051858457 0.333953236385757 0.00596923288746141 0.9650510715001 0.001837791761774 0.900060084117765 0.00300130035733473
Firth 4 20 continuous 1.5 5 1e-04 0.0362298127162355 0.00563146160485831 0.318382770679772 0.0138572293696733 0.956295629562956 0.00204446761504247 0.999499949995 0.00022357324079304
Firth 1 30 continuous 1.5 5 0.0012 -0.0463999883567408 0.00620408815642596 0.38655967821847 0.0122564149732849 0.966259511413696 0.00180668861460027 0.994793752503004 0.000720094780004875
Firth 4 30 continuous 1.5 5 0 0.00806730903089537 0.00400399376617983 0.16036871030499 0.00698718600744039 0.9502 0.00217531514958178 1 0
Firth 1 40 continuous 1.5 5 0.0012 0.0330708747591354 0.00659075143474503 0.434909033445098 0.0169695895259094 0.962955546655987 0.00188984178819999 0.999799759711654 0.000141577088908533
Firth 4 40 continuous 1.5 5 0 0.0116027709353137 0.0031796252710698 0.10122468292077 0.0022423609132291 0.956 0.00205095099892708 1 0
Firth 1 50 continuous 1.5 5 3e-04 0.0426270643383114 0.00596480359492355 0.357463570346527 0.0132098340406998 0.958287486245874 0.0019996143458936 1 0
Firth 4 50 continuous 1.5 5 0 -3.40188327996175e-05 0.00281034363954616 0.0789724168492842 0.00154267381042173 0.9513 0.00215240121724552 1 0
Firth 1 10 binary0.05 1.5 5 0.014 -0.609385297436355 0.0196544864789024 4.17987069196149 0.108696750065418 0.982048681541582 0.00133713798626871 0.0144016227180527 0.00119982317752092
Firth 4 10 binary0.05 1.5 5 0.0022 0.0483876433141816 0.0145235202979875 2.10681633172359 0.0514081702977195 0.973241130487072 0.00161555727140379 0.206754860693526 0.00405424345412067
Firth 1 20 binary0.05 1.5 5 0.0025 -0.189412017587175 0.0144203418923372 2.10993291255782 0.0573598969340401 0.970827067669173 0.00168501793718238 0.111979949874687 0.00315736701798994
Firth 4 20 binary0.05 1.5 5 2e-04 0.00952947982323197 0.00995195899197493 0.990208564301876 0.01660012994051 0.961992398479696 0.00191233725620092 0.390578115623125 0.00487928751061706
Firth 1 30 binary0.05 1.5 5 2e-04 -0.0783523253335834 0.0108700745010139 1.18736980790213 0.0228716542349861 0.968093618723745 0.00175768435786159 0.229645929185837 0.00420647198026151
Firth 4 30 binary0.05 1.5 5 0 0.0109705056637244 0.00804311298035761 0.64697232447607 0.0117437244214638 0.9534 0.00210780549387271 0.5386 0.00498507813379088
Firth 1 40 binary0.05 1.5 5 1e-04 -0.0443838441829726 0.00953536578801235 0.911020086334999 0.0158657544700999 0.967396739673967 0.0017760473554034 0.331133113311331 0.00470644372315866
Firth 4 40 binary0.05 1.5 5 0 0.0199107721918178 0.0068605958326318 0.471027122861345 0.00870561348005889 0.9512 0.00215449669296567 0.6607 0.00473471762621595
Firth 1 50 binary0.05 1.5 5 0 -0.0177895160319984 0.00881448607171384 0.77719041880032 0.012120034720441 0.9629 0.00189006851727656 0.4357 0.00495848273164282
Firth 4 50 binary0.05 1.5 5 0 0.00135562658900269 0.00593130339674361 0.351770257205688 0.00640592732926239 0.9549 0.00207523468552354 0.7472 0.00434617256905429
Firth 1 10 binary0.1 1.5 5 0.0127 -0.48386568240434 0.0160880193496848 2.78924014564269 0.065893555992799 0.980046591714778 0.00140736691557956 0.023194571052365 0.00151486048254692
Firth 4 10 binary0.1 1.5 5 6e-04 0.0761253763326191 0.0127841063281929 1.63898478540492 0.0454158399973586 0.9652791675005 0.0018312677996559 0.293876325795477 0.00455672704361945
Firth 1 20 binary0.1 1.5 5 0.0019 -0.00324342340835026 0.0130874980210421 1.70941091221421 0.0506895236410026 0.970043081855525 0.00170630651866941 0.231940687305881 0.00422472866811611
Firth 4 20 binary0.1 1.5 5 0 0.0163264991148637 0.00788822769222407 0.622445691680932 0.0115840822291354 0.9548 0.00207742532958468 0.5593 0.00496471056558184
Firth 1 30 binary0.1 1.5 5 0 0.0263305351823457 0.0100743126214004 1.01550955324526 0.0312789316540441 0.9657 0.00181998653841175 0.4034 0.00490579697908505
Firth 4 30 binary0.1 1.5 5 0 0.00586983409091857 0.0062025303947723 0.384709816549699 0.00678618829971753 0.9525 0.00212705782714058 0.7306 0.00443648103793987
Firth 1 40 binary0.1 1.5 5 0 0.0367267809658454 0.00856645312249828 0.73511666332062 0.0168630017975425 0.9648 0.00184284996676344 0.5578 0.00496647923583699
Firth 4 40 binary0.1 1.5 5 0 0.00519274893617981 0.00523403435928242 0.273950726267329 0.00467937102914069 0.9507 0.00216493671962947 0.8489 0.00358146324845028
Firth 1 50 binary0.1 1.5 5 0 0.017424364331895 0.00757583225205847 0.574178558351352 0.0109489960221832 0.9554 0.0020642393272099 0.6723 0.00469374807589841
Firth 4 50 binary0.1 1.5 5 0 0.00290875899127532 0.0045776699805343 0.209538130323268 0.00328582029741287 0.9517 0.00214399416976819 0.917 0.00275882221246676
Firth 1 10 binary0.2 1.5 5 0.0126 -0.44998859853686 0.0132196992781861 1.92789965184618 0.0450301118871315 0.978124367024509 0.00147207789662996 0.0382823577071096 0.00193097463312572
Firth 4 10 binary0.2 1.5 5 3e-04 0.0593648356497412 0.0112124082230135 1.26020229291408 0.0382649866148555 0.957187156146844 0.00202465310398932 0.384715414624387 0.00486600964368475
Firth 1 20 binary0.2 1.5 5 0.0014 0.0704730091984588 0.0118422155725642 1.40524357065131 0.0443377022292799 0.971059483276587 0.00167756855367304 0.353094332064891 0.00478266619440997
Firth 4 20 binary0.2 1.5 5 0 0.0193622042125133 0.00678517867712074 0.460715353106827 0.00912531269603382 0.9496 0.00218768919181862 0.7054 0.00455862742500415
Firth 1 30 binary0.2 1.5 5 2e-04 0.0554615869341082 0.00918827232013614 0.847066196870364 0.0288056391654763 0.96129225845169 0.00192916810236105 0.571514302860572 0.00494908770809986
Firth 4 30 binary0.2 1.5 5 0 0.00740273636323742 0.00526089311185095 0.276797086852537 0.00472702173989435 0.9501 0.00217738352156895 0.8709 0.003353105873664
Firth 1 40 binary0.2 1.5 5 1e-04 0.0347719275819701 0.00730237447202715 0.534349166899046 0.0143228789292389 0.956595659565957 0.00203775749590429 0.740974097409741 0.00438121763263942
Firth 4 40 binary0.2 1.5 5 0 -0.000963549419623609 0.00439600252876177 0.19322998591805 0.00304157627934291 0.9516 0.00214609971809327 0.9485 0.00221015270965605
Firth 1 50 binary0.2 1.5 5 0 0.0300840747311774 0.00640328527808211 0.410884673015109 0.00950713019341501 0.9555 0.00206203176503176 0.8509 0.00356187015484843
Firth 4 50 binary0.2 1.5 5 0 -0.000128001297869695 0.00393650201540415 0.154945001509024 0.00239018426635524 0.9493 0.00219384388687983 0.9783 0.0014570212764404
logFU 1 10 continuous 0 0 0 0.00191861968313596 0.00513941645926618 0.264113282917709 0.00459539855056558 0.9564 0.0020420342798298 0.0436 0.0020420342798298
logFU 4 10 continuous 0 0 0 0.000550194524779055 0.00364816633853601 0.133078169932654 0.00216095458100497 0.9533 0.00210995521279481 0.0467 0.00210995521279481
logFU 1 20 continuous 0 0 0 -0.00157420810973989 0.00352569963067068 0.1242956264304 0.00231411920798491 0.9533 0.00210995521279481 0.0467 0.00210995521279481
logFU 4 20 continuous 0 0 0 -0.00269441449998892 0.00251813018613545 0.0634107152331292 0.000952598165358843 0.9546 0.00208179826111946 0.0454 0.00208179826111946
logFU 1 30 continuous 0 0 0 0.000276743989620686 0.00283020109319826 0.0800924488284141 0.00133990602006565 0.9481 0.00221825133832936 0.0519 0.00221825133832936
logFU 4 30 continuous 0 0 0 -0.000781625111283224 0.00207048844119728 0.0428655478667447 0.0006371947369017 0.9501 0.00217738352156895 0.0499 0.00217738352156895
logFU 1 40 continuous 0 0 0 0.00250849279155172 0.00240789748369563 0.0579801974856705 0.000930324108710044 0.9463 0.00225424732449658 0.0537 0.00225424732449658
logFU 4 40 continuous 0 0 0 -0.00351050349105546 0.00179285314867782 0.0321523334395878 0.000474702709726461 0.9499 0.00218151300706643 0.0501 0.00218151300706643
logFU 1 50 continuous 0 0 0 -0.000397250787350002 0.00210910748477234 0.0444790532970328 0.000692816512053045 0.9498 0.00218357413430367 0.0502 0.00218357413430366
logFU 4 50 continuous 0 0 0 -0.00139883743237916 0.00161270231476696 0.0260074434979532 0.000373815732615014 0.947 0.00224033479640879 0.053 0.00224033479640879
logFU 1 10 binary0.05 0 0 0 0.000789041829010568 0.0108993883386996 1.18784848749855 0.00849203900684734 0.9998 0.0001414072133945 2e-04 0.000141407213394508
logFU 4 10 binary0.05 0 0 0 -0.0986702037941117 0.0102354015180434 1.05726548802812 0.012735044557606 0.9843 0.00124312147435398 0.0157 0.00124312147435397
logFU 1 20 binary0.05 0 0 0 0.0240936167460687 0.0108507824719234 1.17785756541765 0.0114932309218488 0.9978 0.00046852534616603 0.0022 0.000468525346166032
logFU 4 20 binary0.05 0 0 0 -0.146980194533309 0.00953723659412348 0.931101037226079 0.0115685942380071 0.9839 0.0012586020022231 0.0161 0.0012586020022231
logFU 1 30 binary0.05 0 0 0 -0.0260326202029694 0.0104831494853615 1.09953203221585 0.0128849235300289 0.9928 0.000845467917782809 0.0072 0.00084546791778281
logFU 4 30 binary0.05 0 0 0 -0.147138393655371 0.0090181015195315 0.834829930898222 0.0114753695663306 0.9773 0.00148945325539273 0.0227 0.00148945325539273
logFU 1 40 binary0.05 0 0 0 -0.00141889164903139 0.0101407328479599 1.02824380572773 0.0136238957196645 0.9848 0.00122347701245262 0.0152 0.00122347701245262
logFU 4 40 binary0.05 0 0 0 -0.153268593841375 0.00833647677992628 0.718390216035517 0.0109440314079934 0.9714 0.00166679452842874 0.0286 0.00166679452842874
logFU 1 50 binary0.05 0 0 0 0.0144241671107428 0.00949786706016371 0.90221263404363 0.0134834431151106 0.9764 0.00151799341237042 0.0236 0.00151799341237042
logFU 4 50 binary0.05 0 0 0 -0.122950546222381 0.00772852654148567 0.612358331718354 0.0102636440880623 0.963 0.00188761754600873 0.037 0.00188761754600872
logFU 1 10 binary0.1 0 0 0 -0.00644339577393909 0.0108007685201722 1.16649086701184 0.0110430141273697 0.999 0.000316069612585582 0.001 0.000316069612585582
logFU 4 10 binary0.1 0 0 0 -0.115178261104871 0.00991544858377452 0.996328921885304 0.0124765102772339 0.9836 0.00127008031242123 0.0164 0.00127008031242123
logFU 1 20 binary0.1 0 0 0 -0.0166861561950746 0.010155941373984 1.0316067365813 0.0132553584320985 0.9903 0.000980097444135023 0.0097 0.000980097444135021
logFU 4 20 binary0.1 0 0 0 -0.106531912164655 0.00849236956655854 0.732480336518718 0.0112569221489905 0.9709 0.00168086852549508 0.0291 0.00168086852549508
logFU 1 30 binary0.1 0 0 0 -0.0016364861342489 0.00930005948630253 0.864827251468051 0.0133170942013756 0.973 0.00162083311910881 0.027 0.00162083311910881
logFU 4 30 binary0.1 0 0 0 -0.0940509554123981 0.00727196590602406 0.537607582109607 0.00953167415999214 0.9599 0.00196193756271702 0.0401 0.00196193756271702
logFU 1 40 binary0.1 0 0 0 0.000591948972379055 0.00828621699707786 0.686545610238074 0.0118757296188272 0.9638 0.00186787472813355 0.0362 0.00186787472813355
logFU 4 40 binary0.1 0 0 0 -0.083318765470024 0.00639683972635401 0.416096681967569 0.00794472957056481 0.9571 0.00202631660902239 0.0429 0.00202631660902239
logFU 1 50 binary0.1 0 0 0 0.000445999942766309 0.00732661612399756 0.536739557896338 0.00958934329887032 0.9617 0.00191919540432964 0.0383 0.00191919540432964
logFU 4 50 binary0.1 0 0 0 -0.0617474997880158 0.00570388127491876 0.329122835452166 0.00618175298253331 0.9512 0.00215449669296567 0.0488 0.00215449669296567
logFU 1 10 binary0.2 0 0 0 -0.000674267570505486 0.0104268910772161 1.08709230994063 0.0131120307115298 0.9946 0.000732860150369766 0.0054 0.000732860150369769
logFU 4 10 binary0.2 0 0 0 -0.071978428780327 0.00888202148599201 0.794005060680236 0.0120179246499693 0.9743 0.00158238775273319 0.0257 0.00158238775273319
logFU 1 20 binary0.2 0 0 0 -0.00041473227195959 0.00854430801605794 0.729979161536083 0.0120551122414956 0.9734 0.00160911279902933 0.0266 0.00160911279902933
logFU 4 20 binary0.2 0 0 0 -0.0609357352084226 0.00670614521040942 0.453392027272778 0.00828486128569833 0.9577 0.00201272725424982 0.0423 0.00201272725424981
logFU 1 30 binary0.2 0 0 0 -0.0125512452338134 0.00733656067984121 0.538354934724235 0.00986213451781198 0.9603 0.00195253450673733 0.0397 0.00195253450673733
logFU 4 30 binary0.2 0 0 0 -0.0561305934904368 0.00549472564600279 0.305040550764072 0.00535496382999477 0.9525 0.00212705782714058 0.0475 0.00212705782714058
logFU 1 40 binary0.2 0 0 0 0.00364122234202721 0.00617268453378744 0.380995500002381 0.0069561428617213 0.9589 0.00198521510169553 0.0411 0.00198521510169553
logFU 4 40 binary0.2 0 0 0 -0.0286952460267891 0.00473568863106979 0.225068458502162 0.00360147821694635 0.9547 0.00207961318518613 0.0453 0.00207961318518613
logFU 1 50 binary0.2 0 0 0 -0.00618829167868553 0.00548400148320052 0.300750943359093 0.00545144414721856 0.957 0.00202857092555326 0.043 0.00202857092555326
logFU 4 50 binary0.2 0 0 0 -0.017432298908957 0.00422930635724673 0.179156320647464 0.00272451227931659 0.9517 0.00214399416976819 0.0483 0.00214399416976819
logFU 1 10 continuous 0.5 0 0 0.0146934425412317 0.00500476763349747 0.250667840207685 0.00397114045747027 0.9708 0.00168366742559212 0.1602 0.00366791439376657
logFU 4 10 continuous 0.5 0 0 0.000759238626704464 0.00378075662706113 0.142927489053286 0.00242431239969092 0.9579 0.00200817305031215 0.2654 0.00441545965897097
logFU 1 20 continuous 0.5 0 0 0.0206626486394412 0.00382123827769786 0.146430962936255 0.00279997998512995 0.9546 0.00208179826111946 0.3245 0.00468187729441941
logFU 4 20 continuous 0.5 0 0 0.000820358699012099 0.0026783689623368 0.0717301023121876 0.00119529470365979 0.9529 0.00211852755469453 0.4996 0.00499999839999974
logFU 1 30 continuous 0.5 0 0 0.0162678464731867 0.00309746969557305 0.096198233660294 0.00171876293138763 0.9507 0.00216493671962947 0.4592 0.00498332579709575
logFU 4 30 continuous 0.5 0 0 0.00377842906323721 0.00218874751437916 0.0479156427275137 0.000750079015380225 0.9523 0.00213130734526956 0.6791 0.00466822439477795
logFU 1 40 continuous 0.5 0 0 0.019905531009741 0.00260505891873179 0.0682527635334498 0.00126824182862822 0.9584 0.0019967333322204 0.592 0.00491463121709045
logFU 4 40 continuous 0.5 0 0 0.00231285255010077 0.00187491482208528 0.0351548898820794 0.000545765087621842 0.9507 0.00216493671962947 0.8013 0.00399021691139717
logFU 1 50 continuous 0.5 0 0 0.0102417090237869 0.00233264287748225 0.0545116793196205 0.000904391570483481 0.9518 0.00214188608473934 0.674 0.00468747266658697
logFU 4 50 continuous 0.5 0 0 -0.00136056940219453 0.0016721854425442 0.0279610964875113 0.000422772387825602 0.9524 0.00212918388120895 0.8788 0.00326359556317875
logFU 1 10 binary0.05 0.5 0 0 -0.154340708995214 0.0105245351728262 1.13136869465304 0.0119239771005127 0.9943 0.000752828665766656 3e-04 0.000173179098045925
logFU 4 10 binary0.05 0.5 0 0 -0.271059995790782 0.0109161775079366 1.26498367223447 0.0126466098706158 0.993 0.000833726573883789 0.0361 0.00186538977160271
logFU 1 20 binary0.05 0.5 0 0 -0.116556771359568 0.0105478181829149 1.12603890867958 0.0131513794333462 0.9833 0.00128144878945669 0.0062 0.000784956049725079
logFU 4 20 binary0.05 0.5 0 0 -0.206046926027944 0.00989754565153313 1.02197147355748 0.0135773640584667 0.9815 0.00134750695731042 0.0523 0.00222631332026739
logFU 1 30 binary0.05 0.5 0 0 -0.0623108575469917 0.0101164210634583 1.02720005232503 0.0132819912626849 0.9779 0.00147008809259854 0.0224 0.0014798053926108
logFU 4 30 binary0.05 0.5 0 0 -0.163959602264283 0.00858745458573024 0.764252769418202 0.0123058967624588 0.9672 0.00178112773264581 0.0671 0.00250195103868961
logFU 1 40 binary0.05 0.5 0 0 -0.0375520148119742 0.0094789645327396 0.899827989177177 0.012647051378035 0.9737 0.00160025966642917 0.0342 0.00181742565184934
logFU 4 40 binary0.05 0.5 0 0 -0.155008822939102 0.00786343686996656 0.642302295629047 0.0112261258244188 0.959 0.00198290191386261 0.0861 0.00280511657511769
logFU 1 50 binary0.05 0.5 0 0 -0.0199092160525414 0.0089638656866324 0.803824906475629 0.0124533365511247 0.9701 0.00170311449996763 0.0565 0.00230884711490389
logFU 4 50 binary0.05 0.5 0 0 -0.116202807729767 0.0068540806495583 0.483240329609227 0.00905254841687677 0.9593 0.00197594306598141 0.1041 0.00305390225776792
logFU 1 10 binary0.1 0.5 0 0 -0.124622047221889 0.0104665850767129 1.11091513693128 0.012934878378842 0.9863 0.00116242462121206 0.003 0.000546900356555013
logFU 4 10 binary0.1 0.5 0 0 -0.191951723248973 0.0101977254351393 1.07667751095908 0.0143531104348367 0.9801 0.00139656686198692 0.0472 0.00212066404694379
logFU 1 20 binary0.1 0.5 0 0 -0.0411133780759548 0.00974905743899379 0.952036475223972 0.0131372728741042 0.9758 0.00153669645668883 0.0295 0.0016920328011005
logFU 4 20 binary0.1 0.5 0 0 -0.133984569066666 0.0079830094347076 0.655172532654655 0.0113776238042738 0.9594 0.00197361698411825 0.0734 0.00260791947728453
logFU 1 30 binary0.1 0.5 0 0 -0.0126637138890249 0.0086965112020949 0.756377811223956 0.012165566614645 0.9657 0.00181998653841175 0.0623 0.0024169962763728
logFU 4 30 binary0.1 0.5 0 0 -0.0950863780219268 0.00651104688511355 0.432936340955258 0.00792108848398506 0.9586 0.00199213553755762 0.105 0.00306553421119387
logFU 1 40 binary0.1 0.5 0 0 0.0162639357529037 0.00778895992232375 0.606882814425151 0.0104277157873905 0.9588 0.0019875250941812 0.0886 0.00284165515149182
logFU 4 40 binary0.1 0.5 0 0 -0.0827268001700269 0.00566858263792392 0.328139881866973 0.00587164255411027 0.9562 0.00204649847300212 0.128 0.00334089808285138
logFU 1 50 binary0.1 0.5 0 0 0.00392764507015557 0.00693442903152932 0.480830400022973 0.00895292916200466 0.9588 0.0019875250941812 0.1013 0.00301725554105051
logFU 4 50 binary0.1 0.5 0 0 -0.0545918092284476 0.00500304880211641 0.253260208301104 0.00431219942721502 0.9564 0.0020420342798298 0.1638 0.00370093988062492
logFU 1 10 binary0.2 0.5 0 0 -0.0742112851556224 0.0100711561310591 1.01968774482036 0.0132425389805669 0.9798 0.00140683900997946 0.016 0.00125475097130865
logFU 4 10 binary0.2 0.5 0 0 -0.125055909677174 0.00865422993669497 0.764521042821258 0.012995636764055 0.9629 0.00189006851727656 0.0667 0.00249501723440941
logFU 1 20 binary0.2 0.5 0 0 -0.00431173455599987 0.0084076435720122 0.706832606924408 0.0114708747049083 0.9644 0.00185290690537868 0.0695 0.00254302477376844
logFU 4 20 binary0.2 0.5 0 0 -0.0602675343543905 0.00627926607373587 0.397884570762442 0.00689258010822041 0.9535 0.00210565310533335 0.1133 0.0031695916140727
logFU 1 30 binary0.2 0.5 0 0 0.0139543754909929 0.00693820092241191 0.481532906360878 0.0089634156380429 0.9564 0.0020420342798298 0.1018 0.00302385118681459
logFU 4 30 binary0.2 0.5 0 0 -0.0449067546401515 0.00504276559866989 0.256286035958712 0.00393821154302133 0.9563 0.00204426783959441 0.1506 0.00357658552253403
logFU 1 40 binary0.2 0.5 0 0 0.00844531087766636 0.0060793965390657 0.369624987005578 0.00665378559543344 0.9544 0.00208616010890823 0.1312 0.00337618956813743
logFU 4 40 binary0.2 0.5 0 0 -0.0323781046522397 0.0043633204319972 0.191414955018522 0.00290970979026597 0.9527 0.00212279791784334 0.1909 0.00393010419709198
logFU 1 50 binary0.2 0.5 0 0 0.0023714777791137 0.00539994244040028 0.291570248124863 0.00510038959992566 0.9492 0.00219589070766284 0.1589 0.00365582808676776
logFU 4 50 binary0.2 0.5 0 0 -0.0308305679971083 0.00385580251600307 0.149607787134138 0.00230228563351235 0.9553 0.00206644404714959 0.229 0.0042018924307983
logFU 1 10 continuous 1 0 1e-04 -0.0681698761475774 0.00470817411744334 0.22627183340857 0.00286278695807328 0.971197119711971 0.00167260491396924 0.482448244824482 0.00499716827394292
logFU 4 10 continuous 1 0 0 -0.0202208134852746 0.00428114441777894 0.183672528359279 0.00314533369651743 0.9599 0.00196193756271702 0.7549 0.00430146475052394
logFU 1 20 continuous 1 0 0 -0.00564250587365913 0.00420145245911565 0.176536213331858 0.0028544643794354 0.9716 0.00166112732805165 0.8335 0.00372528857942576
logFU 4 20 continuous 1 0 0 -0.0042075058814166 0.00313159058313482 0.0980764920499491 0.00174484126899972 0.9562 0.00204649847300212 0.9715 0.0016639636414297
logFU 1 30 continuous 1 0 0 0.0069602576801773 0.00370241199386865 0.137113283055826 0.00249251255442664 0.9633 0.00188024227162353 0.9574 0.00201953559017909
logFU 4 30 continuous 1 0 0 -0.00250337022335946 0.00259139986599075 0.0671530841637787 0.00113586749287787 0.9497 0.0021856328602947 0.9973 0.000518913287553907
logFU 1 40 continuous 1 0 1e-04 0.0116548008192755 0.00329738348063333 0.108841467090036 0.00203892379198347 0.957195719571957 0.00202425718776648 0.98989898989899 0.000999998984695422
logFU 4 40 continuous 1 0 0 -2.06037516598042e-05 0.00222666619774315 0.0495754659438777 0.000806322649286832 0.9546 0.00208179826111946 0.9999 9.99949998749882e-05
logFU 1 50 continuous 1 0 0 0.00977585296790821 0.00299854320828721 0.0899991897595311 0.00183794925621846 0.9557 0.00205760807735584 0.9979 0.000457776146167534
logFU 4 50 continuous 1 0 0 -0.000896474504034305 0.00197754694208504 0.0391038120561271 0.000624455772456304 0.954 0.00209485083001153 1 0
logFU 1 10 binary0.05 1 0 0 -0.348753132754876 0.00989466317897845 1.1005744375013 0.0169911482705417 0.9705 0.0016920328011005 0.0023 0.000479031314216513
logFU 4 10 binary0.05 1 0 0 -0.346623069561461 0.0114358961769966 1.42781398634129 0.0159062062903587 0.986 0.00117490425141796 0.0897 0.00285751482935785
logFU 1 20 binary0.05 1 0 0 -0.218001354323372 0.00976584759637312 1.0011470114634 0.0144050552431054 0.9624 0.00190226811990318 0.0295 0.0016920328011005
logFU 4 20 binary0.05 1 0 0 -0.229772878211397 0.00973009403670708 0.999448200463219 0.0152424876496052 0.9621 0.00190954418644869 0.1418 0.00348844893899853
logFU 1 30 binary0.05 1 0 0 -0.125444413476606 0.00942517691044509 0.903987064844567 0.0124622631443799 0.9618 0.00191678793819243 0.0772 0.00266908523655578
logFU 4 30 binary0.05 1 0 0 -0.155494619460446 0.0082895330940654 0.711273449498281 0.0126827077900756 0.9514 0.00215030323442997 0.2204 0.00414516392920714
logFU 1 40 binary0.05 1 0 0 -0.0594825377265552 0.00895408672481968 0.805214687381255 0.0114682985393869 0.9616 0.00192159933388831 0.1374 0.00344269138901529
logFU 4 40 binary0.05 1 0 0 -0.12235502826737 0.00718464833792333 0.531110851166813 0.0100273330333155 0.9475 0.00223033069296909 0.2797 0.00448851768404671
logFU 1 50 binary0.05 1 0 0 -0.0277599156544473 0.00844266435797845 0.713485148950464 0.0102955494447745 0.9649 0.00184032578637588 0.1841 0.00387565723458615
logFU 4 50 binary0.05 1 0 0 -0.102831880604028 0.00623572051688847 0.39937761510563 0.0072732809896878 0.9531 0.00211424667434999 0.3416 0.0047424618079643
logFU 1 10 binary0.1 1 0 0 -0.248965695876405 0.00985885200720554 1.03385634976015 0.0153274764496177 0.9601 0.0019572427033968 0.0135 0.0011540255629751
logFU 4 10 binary0.1 1 0 0 -0.244350182624221 0.0101549851161786 1.09084111512386 0.0159929545798993 0.9619 0.0019143769221342 0.1147 0.00318659551873155
logFU 1 20 binary0.1 1 0 0 -0.0959584847890857 0.00923897544732238 0.862709345297971 0.0120279071878835 0.9604 0.00195017537672897 0.1039 0.00305130775242354
logFU 4 20 binary0.1 1 0 0 -0.125140946290105 0.00761033312046007 0.594774041311901 0.0107803810992951 0.9559 0.0020531729103999 0.2421 0.00428354514391993
logFU 1 30 binary0.1 1 0 0 -0.0173105124794789 0.00830807257995736 0.690471329710688 0.0101086201905491 0.9678 0.0017653090381007 0.1954 0.00396508310127291
logFU 4 30 binary0.1 1 0 0 -0.0802286472098642 0.0060411665112053 0.371357068301392 0.00614343327133111 0.9522 0.00213342822705616 0.3545 0.00478361526462988
logFU 1 40 binary0.1 1 0 0 -0.0067355129048978 0.00738201366544923 0.544932130577131 0.0087279050935397 0.9677 0.00176795673023974 0.272 0.00444989887525548
logFU 4 40 binary0.1 1 0 0 -0.0683512025315364 0.00522247835859435 0.277387414667166 0.00471607872279803 0.9507 0.00216493671962947 0.4538 0.00497860984613175
logFU 1 50 binary0.1 1 0 0 0.00204782531493082 0.00689517998537884 0.475391720389186 0.00848117959084177 0.9553 0.00206644404714959 0.3452 0.00475433444343159
logFU 4 50 binary0.1 1 0 0 -0.0543575447421527 0.00460691746086979 0.215170403894575 0.0034438375639694 0.9509 0.00216076815045021 0.5545 0.00497020874813121
logFU 1 10 binary0.2 1 0 0 -0.135986598672677 0.00959567438059129 0.93916994623513 0.0128425918115335 0.9585 0.00199443601050522 0.0554 0.00228759349535707
logFU 4 10 binary0.2 1 0 0 -0.122857530401945 0.00842938184742994 0.725567701595959 0.0119998896447354 0.9624 0.00190226811990318 0.185 0.00388297566307078
logFU 1 20 binary0.2 1 0 0 -0.0216549215170657 0.00810347281956166 0.657065986727908 0.00983956050118903 0.969 0.0017331762749357 0.1992 0.00399398748120221
logFU 4 20 binary0.2 1 0 0 -0.074013447757324 0.00615653419349875 0.384469220292843 0.00671058890903114 0.95 0.00217944947177034 0.3552 0.00478573881443607
logFU 1 30 binary0.2 1 0 0 -0.00741847845517379 0.00702918464113108 0.494099991577018 0.00856160525104831 0.9549 0.00207523468552354 0.3156 0.00464754386746376
logFU 4 30 binary0.2 1 0 0 -0.0370669231091198 0.00492822060284702 0.244223252533726 0.00401048967331554 0.9523 0.00213130734526956 0.5201 0.00499595826643898
logFU 1 40 binary0.2 1 0 0 -0.00495587263038704 0.00620385761739563 0.384864566193364 0.00718121313494291 0.9488 0.00220405444578849 0.4211 0.00493735546623899
logFU 4 40 binary0.2 1 0 0 -0.0359416314839494 0.0042036109195741 0.177977578160592 0.00268318117105505 0.9526 0.00212492917529032 0.6359 0.00481176880159469
logFU 1 50 binary0.2 1 0 0 -0.00270713463408375 0.00542983721008593 0.294809166726139 0.00541990164269088 0.9515 0.00214820273717357 0.5132 0.00499825729629838
logFU 4 50 binary0.2 1 0 0 -0.0301035765252439 0.0037967151109364 0.145042266610105 0.00219746553543111 0.9492 0.00219589070766284 0.7365 0.00440531213423067
logFU 1 10 continuous 1.5 0 1e-04 -0.273052587762684 0.00408723045721908 0.24157883288247 0.00317092190080799 0.964396439643964 0.00185308879398933 0.801880188018802 0.0039860286063422
logFU 4 10 continuous 1.5 0 0 -0.089618789877318 0.00455629769048441 0.215609254093565 0.00284635234484955 0.9633 0.00188024227162353 0.9706 0.00168924953751659
logFU 1 20 continuous 1.5 0 3e-04 -0.113922605648545 0.00434765883591077 0.201924125063071 0.00233757976106048 0.967990397119136 0.00176051942591443 0.990397119135741 0.00097537272871687
logFU 4 20 continuous 1.5 0 0 -0.0317095960483173 0.00382721518528343 0.147466611650114 0.00252929579369256 0.9583 0.00199902751356753 0.9999 9.99949998749882e-05
logFU 1 30 continuous 1.5 0 5e-04 -0.0609582192440663 0.00424327111207666 0.183661369700867 0.00267009759897051 0.968784392196098 0.00173943444240454 0.999499749874938 0.000223662692435464
logFU 4 30 continuous 1.5 0 0 -0.0202542536678787 0.00324355401460146 0.10560614060537 0.00181464031717441 0.9541 0.00209268225012781 1 0
logFU 1 40 continuous 1.5 0 3e-04 -0.0355897209651745 0.00402215540758348 0.162979258529418 0.00264055621135002 0.966489946984095 0.00179991245390717 1 0
logFU 4 40 continuous 1.5 0 0 -0.0155682555248361 0.00287599366279136 0.0829474947246991 0.00145822703583138 0.9514 0.00215030323442997 1 0
logFU 1 50 continuous 1.5 0 9e-04 -0.0268273152363649 0.00376049376723658 0.141991425443309 0.00245138554521127 0.964267841056951 0.00185705168288051 1 0
logFU 4 50 continuous 1.5 0 0 -0.0120766622767313 0.00255116653711441 0.0652238443219698 0.0010957303032003 0.9572 0.00202405928766921 1 0
logFU 1 10 binary0.05 1.5 0 0 -0.547640230083721 0.0090412375076007 1.11726783431903 0.0202805819232271 0.9851 0.0012115275481804 0.0092 0.000954743944730732
logFU 4 10 binary0.05 1.5 0 0 -0.396437680917553 0.0113535334442907 1.44606114883594 0.0190988499759304 0.9564 0.0020420342798298 0.182 0.00385844528275315
logFU 1 20 binary0.05 1.5 0 0 -0.302156317801107 0.00890952784314381 0.88501592457826 0.014284786604426 0.9788 0.00144050546684141 0.0927 0.00290011568734766
logFU 4 20 binary0.05 1.5 0 0 -0.216288938650674 0.00938227997551012 0.926964653193675 0.0147637301463841 0.9503 0.00217324434889407 0.3345 0.00471815377027922
logFU 1 30 binary0.05 1.5 0 0 -0.160352835865539 0.00874916959349834 0.791116169759496 0.0108717893209616 0.978 0.00146683332386471 0.2316 0.00421854761736785
logFU 4 30 binary0.05 1.5 0 0 -0.14431034681701 0.0078312106010957 0.63404274312611 0.0108946071695466 0.9461 0.00225820260384227 0.4831 0.00499714308380298
logFU 1 40 binary0.05 1.5 0 0 -0.0747524818368482 0.00854273622281966 0.735298376925319 0.00904199302423271 0.9701 0.00170311449996763 0.3685 0.00482397916662168
logFU 4 40 binary0.05 1.5 0 0 -0.100098076577728 0.00659307984017226 0.444663174021643 0.00783151954096304 0.9488 0.00220405444578849 0.6161 0.00486334031299476
logFU 1 50 binary0.05 1.5 0 0 -0.051046880730049 0.00797783610307481 0.639000827038636 0.00807137944061544 0.971 0.0016780643611018 0.4642 0.00498716713174925
logFU 4 50 binary0.05 1.5 0 0 -0.0758155497115448 0.00582752107391012 0.345314056244865 0.00603494803802406 0.9463 0.00225424732449658 0.7164 0.00450744983333148
logFU 1 10 binary0.1 1.5 0 0 -0.366285280891436 0.00903577502914257 0.950535565540154 0.0157728496062176 0.9816 0.00134392856953039 0.0509 0.00219793516737869
logFU 4 10 binary0.1 1.5 0 0 -0.234126982634007 0.00992041275906967 1.03886292251113 0.0157552689144804 0.9555 0.00206203176503176 0.2712 0.00444579081829094
logFU 1 20 binary0.1 1.5 0 0 -0.147781626311028 0.00861906039609533 0.764647141988434 0.0096951370547538 0.9745 0.001576380347505 0.2733 0.00445653576222608
logFU 4 20 binary0.1 1.5 0 0 -0.107821014271931 0.00735952039039723 0.553196612344974 0.00964669608398557 0.9495 0.00218974313562116 0.5356 0.00498731029714414
logFU 1 30 binary0.1 1.5 0 0 -0.0656370456054942 0.00802092023370276 0.647595500548652 0.00834499108944732 0.9716 0.00166112732805165 0.4589 0.00498307926888586
logFU 4 30 binary0.1 1.5 0 0 -0.0749394642050102 0.00588981332792552 0.352480243772386 0.0059589956533198 0.9483 0.00221420662992414 0.7179 0.00450021766140261
logFU 1 40 binary0.1 1.5 0 0 -0.0173248834463781 0.00749741909479222 0.562356871122902 0.00833127403441609 0.9674 0.00177587274318854 0.6059 0.00488656515356134
logFU 4 40 binary0.1 1.5 0 0 -0.0538667799411006 0.00504384194855715 0.257279605659868 0.00410371856916715 0.9486 0.00220812227922278 0.8386 0.0036789949714562
logFU 1 50 binary0.1 1.5 0 0 0.00634119638252066 0.00691468764101719 0.478121449594741 0.00802312704197566 0.9619 0.0019143769221342 0.7269 0.00445551781502442
logFU 4 50 binary0.1 1.5 0 0 -0.0471252768435212 0.00446648288815255 0.201695536149784 0.00312167905414191 0.951 0.0021586801523153 0.9078 0.00289308071093774
logFU 1 10 binary0.2 1.5 0 0 -0.226509500651312 0.00885936219476174 0.836111050566505 0.0117262193553202 0.9759 0.00153359675273522 0.1526 0.00359601501665385
logFU 4 10 binary0.2 1.5 0 0 -0.115862092052565 0.00855329375373723 0.744939205917968 0.0116790883963484 0.9568 0.00203307058411655 0.4007 0.00490040314668089
logFU 1 20 binary0.2 1.5 0 0 -0.0445546859260078 0.0081382399759613 0.664228388151396 0.00838891645491182 0.9721 0.00164686338231196 0.459 0.00498316164698678
logFU 4 20 binary0.2 1.5 0 0 -0.0648782802315638 0.00612710210607166 0.379585452047863 0.00664421863902949 0.9509 0.00216076815045021 0.706 0.00455591922667643
logFU 1 30 binary0.2 1.5 0 0 0.00145570607911427 0.00729058636098825 0.531475461300986 0.00831626909636986 0.9657 0.00181998653841175 0.6642 0.00472269372286622
logFU 4 30 binary0.2 1.5 0 0 -0.0483608250865256 0.00493295961253201 0.24565534070123 0.0038399489906131 0.948 0.00222027025382047 0.8711 0.00335089226923218
logFU 1 40 binary0.2 1.5 0 0 0.00524522894715753 0.00647893622906989 0.419751682415593 0.0075088755755581 0.96 0.00195959179422654 0.7962 0.00402821995427261
logFU 4 40 binary0.2 1.5 0 0 -0.0353051607474425 0.00432077889160644 0.18791908754669 0.00304715088673377 0.9492 0.00219589070766284 0.947 0.00224033479640879
logFU 1 50 binary0.2 1.5 0 0 0.000333450382269192 0.00585864590038342 0.343203105318163 0.00680200233904703 0.9539 0.00209701669044383 0.8769 0.00328551959361073
logFU 4 50 binary0.2 1.5 0 0 -0.0267346080687119 0.00384144934035007 0.148267312880313 0.00230524017076157 0.9502 0.00217531514958178 0.9817 0.00134033988226867
logFU 1 10 continuous 0 1 0 0.00250112868415054 0.0055612761371648 0.309253250590408 0.00511805264442628 0.9569 0.00203082224726833 0.0431 0.00203082224726833
logFU 4 10 continuous 0 1 0 0.00201229623249983 0.0037787214143104 0.14277712587028 0.00240172971375177 0.9548 0.00207742532958468 0.0452 0.00207742532958468
logFU 1 20 continuous 0 1 0 -0.00284545436187483 0.00379567128471398 0.144064894506046 0.00253384826284306 0.9455 0.00227001651976368 0.0545 0.00227001651976368
logFU 4 20 continuous 0 1 0 -0.00430409541482767 0.00259800871430274 0.06750826838399 0.00105295622654084 0.9481 0.00221825133832936 0.0519 0.00221825133832936
logFU 1 30 continuous 0 1 0 -0.00335861469108192 0.00290474275197058 0.084378147313444 0.00141777858016874 0.9461 0.00225820260384227 0.0539 0.00225820260384227
logFU 4 30 continuous 0 1 0 5.09279057398295e-05 0.00211657072963741 0.0447942392575762 0.000689364356543741 0.9471 0.00223833844625874 0.0529 0.00223833844625874
logFU 1 40 continuous 0 1 0 0.00471090975956895 0.00245287720675256 0.0601822419782337 0.000975174848022672 0.9496 0.00218768919181862 0.0504 0.00218768919181862
logFU 4 40 continuous 0 1 0 -0.00149542474195757 0.00179410272302253 0.0321870632981469 0.000474669538430618 0.9508 0.00216285367050108 0.0492 0.00216285367050108
logFU 1 50 continuous 0 1 0 0.00296221967536011 0.00221426721712252 0.0490336648543314 0.000779626397939127 0.9453 0.00227393733422889 0.0547 0.00227393733422889
logFU 4 50 continuous 0 1 0 0.000466264663431985 0.00161933244777854 0.0262199709294443 0.000373010561253081 0.9486 0.00220812227922278 0.0514 0.00220812227922278
logFU 1 10 binary0.05 0 1 0 0.0138486678426281 0.0111843303001919 1.25095913899467 0.0120337399181243 0.9989 0.00033148001448051 0.0011 0.000331480014480511
logFU 4 10 binary0.05 0 1 0 -0.101210182807219 0.0103089359054559 1.07287882197233 0.0136332080035309 0.9869 0.00113703078234496 0.0131 0.00113703078234496
logFU 1 20 binary0.05 0 1 0 -0.00224526150117711 0.0110483109637018 1.22053472753057 0.0130009960695276 0.9946 0.000732860150369766 0.0054 0.000732860150369769
logFU 4 20 binary0.05 0 1 0 -0.130872492447409 0.00979909342943301 0.977253907434927 0.0123326129662647 0.9818 0.00133674081257363 0.0182 0.00133674081257363
logFU 1 30 binary0.05 0 1 0 0.0151061688602699 0.0106317329365461 1.1304526149328 0.0136267329515953 0.9875 0.00111102430216445 0.0125 0.00111102430216445
logFU 4 30 binary0.05 0 1 0 -0.140850667376552 0.00897843435010014 0.825881132007624 0.0113347382436896 0.979 0.00143384099536873 0.021 0.00143384099536873
logFU 1 40 binary0.05 0 1 0 -0.00247069412088904 0.0102087347075554 1.04208452935757 0.0139285152524301 0.98 0.0014 0.02 0.0014
logFU 4 40 binary0.05 0 1 0 -0.139041732287253 0.00834385980453042 0.715462947697588 0.0110002445122074 0.9705 0.0016920328011005 0.0295 0.0016920328011005
logFU 1 50 binary0.05 0 1 0 -0.00290455319894572 0.00953305698882883 0.908709312776312 0.0136261870334491 0.9725 0.00163535164414263 0.0275 0.00163535164414263
logFU 4 50 binary0.05 0 1 0 -0.114103115511515 0.00778199409908857 0.618553283119769 0.0102930693414179 0.9613 0.00192879003522934 0.0387 0.00192879003522934
logFU 1 10 binary0.1 0 1 0 -0.0040748415225399 0.0112729105373709 1.27067464565711 0.0144928204532322 0.9951 0.00069828289396204 0.0049 0.000698282893962039
logFU 4 10 binary0.1 0 1 0 -0.109576853334722 0.0101573224790584 1.04361591502265 0.0140249228365456 0.9832 0.00128521437900453 0.0168 0.00128521437900453
logFU 1 20 binary0.1 0 1 0 0.0115254004892286 0.0106028751460416 1.12423002752054 0.015097109369963 0.9787 0.00144382512791543 0.0213 0.00144382512791543
logFU 4 20 binary0.1 0 1 0 -0.118710290781699 0.00867120225188621 0.765914428320148 0.0114894511824782 0.9693 0.00172503652135252 0.0307 0.00172503652135252
logFU 1 30 binary0.1 0 1 0 -0.00470045264193188 0.00931735091642891 0.868065562225727 0.0135991734574125 0.9697 0.00171411522366497 0.0303 0.00171411522366497
logFU 4 30 binary0.1 0 1 0 -0.0939028827430562 0.00731079634387165 0.543241735459945 0.00953700864098263 0.9595 0.00197128765024286 0.0405 0.00197128765024286
logFU 1 40 binary0.1 0 1 0 0.00805996344483966 0.00846386746249767 0.71636385018558 0.0123772570120666 0.9586 0.00199213553755762 0.0414 0.00199213553755762
logFU 4 40 binary0.1 0 1 0 -0.090043734597773 0.00648443202283748 0.428544412869655 0.00835880585905687 0.955 0.00207304124416279 0.045 0.00207304124416279
logFU 1 50 binary0.1 0 1 0 -0.000993449426538154 0.00758636961762241 0.575473473689632 0.0107139203793059 0.9577 0.00201272725424982 0.0423 0.00201272725424981
logFU 4 50 binary0.1 0 1 0 -0.0677882778449565 0.0057382280707845 0.333834937275185 0.00634139812433245 0.9566 0.00203755834272298 0.0434 0.00203755834272298
logFU 1 10 binary0.2 0 1 0 -0.00398945417662274 0.0110950980704959 1.23090482648267 0.0159079534003256 0.9864 0.00115823313715331 0.0136 0.00115823313715331
logFU 4 10 binary0.2 0 1 0 -0.0937786510625371 0.00915686436021533 0.847192236344015 0.0131653441469034 0.9737 0.00160025966642917 0.0263 0.00160025966642917
logFU 1 20 binary0.2 0 1 0 -0.0146841274316874 0.00933484492099493 0.871521781258976 0.0144120950432407 0.9613 0.00192879003522934 0.0387 0.00192879003522934
logFU 4 20 binary0.2 0 1 0 -0.0642376357804358 0.00679002759991409 0.465125117451804 0.0085600232777331 0.9588 0.0019875250941812 0.0412 0.0019875250941812
logFU 1 30 binary0.2 0 1 0 -0.0108141971858753 0.00754330991653444 0.569075290305147 0.0104894910307487 0.9544 0.00208616010890823 0.0456 0.00208616010890823
logFU 4 30 binary0.2 0 1 0 -0.0344597390792199 0.0054640992663233 0.299721425158963 0.00517634875676056 0.9565 0.00203979778409528 0.0435 0.00203979778409528
logFU 1 40 binary0.2 0 1 0 0.00605409609714583 0.00648217293503093 0.420180293110069 0.00771386404114943 0.9539 0.00209701669044383 0.0461 0.00209701669044383
logFU 4 40 binary0.2 0 1 0 -0.0313001952966586 0.00473795466822617 0.225439398392833 0.00369020578548303 0.9566 0.00203755834272298 0.0434 0.00203755834272298
logFU 1 50 binary0.2 0 1 0 -0.00532502078844047 0.005696152881087 0.32445748613591 0.00555199967588178 0.9499 0.00218151300706643 0.0501 0.00218151300706643
logFU 4 50 binary0.2 0 1 0 -0.0156553420684136 0.00418793107533446 0.175615217886108 0.00280996626227192 0.9555 0.00206203176503176 0.0445 0.00206203176503176
logFU 1 10 continuous 0.5 1 0 0.0370504976931259 0.00544566880276747 0.297896171164947 0.00451812317141192 0.9686 0.00174396215555269 0.1579 0.00364647213070387
logFU 4 10 continuous 0.5 1 0 0.0102398714646109 0.00395986401179449 0.156894404363671 0.00273268313287558 0.9536 0.00210349803898173 0.2625 0.00439992897669951
logFU 1 20 continuous 0.5 1 0 0.045328850883074 0.004015027008603 0.163243003078616 0.00291551750362311 0.954 0.00209485083001153 0.3225 0.00467433150300661
logFU 4 20 continuous 0.5 1 0 0.00916981978307941 0.00275115519509412 0.0757650658148802 0.00120703783303452 0.9518 0.00214188608473934 0.4969 0.00499990389907646
logFU 1 30 continuous 0.5 1 0 0.0315283949940404 0.00324329976014664 0.106173454039239 0.00201371962477002 0.9534 0.00210780549387271 0.4563 0.00498086649088289
logFU 4 30 continuous 0.5 1 0 0.00321036069574275 0.00221066429375584 0.0488757855760471 0.000766812542766072 0.9526 0.00212492917529032 0.6653 0.00471885483989495
logFU 1 40 continuous 0.5 1 0 0.0274670767563114 0.00272762077588466 0.075146151360816 0.00142845572124471 0.9503 0.00217324434889407 0.585 0.00492722031169705
logFU 4 40 continuous 0.5 1 0 -0.000305711075134276 0.00191047346512218 0.0364955321597601 0.000555425517859017 0.9489 0.0022020170299069 0.7947 0.00403920672904965
logFU 1 50 continuous 0.5 1 0 0.0231087581201119 0.0023877594587697 0.0575422656360625 0.00100941319978829 0.955 0.00207304124416279 0.6855 0.00464316433049704
logFU 4 50 continuous 0.5 1 0 0.00209860777874196 0.00171378807678 0.0293721628061698 0.000436645631081043 0.9478 0.00222430123859157 0.8753 0.00330378434526226
logFU 1 10 binary0.05 0.5 1 0 -0.180710573034624 0.0110440915832591 1.25225392824176 0.0150913132939591 0.994 0.000772269383052313 0.0027 0.000518913287553903
logFU 4 10 binary0.05 0.5 1 0 -0.253632568916573 0.0110151487057775 1.27754315661812 0.0135355553769296 0.9929 0.00083961836568765 0.0306 0.00172231356030196
logFU 1 20 binary0.05 0.5 1 0 -0.104195053862816 0.01079188275977 1.17538747952219 0.0143195450232194 0.9868 0.00114130451677017 0.0137 0.00116242462121206
logFU 4 20 binary0.05 0.5 1 0 -0.202627308121938 0.0100728151995235 1.05557242482822 0.0141284576047928 0.9776 0.0014798053926108 0.0536 0.0022522664140816
logFU 1 30 binary0.05 0.5 1 0 -0.0835634069388605 0.0102330415611493 1.05402952376173 0.01431179174264 0.9762 0.00152425588402998 0.0283 0.00165828556045091
logFU 4 30 binary0.05 0.5 1 0 -0.175995754841942 0.00884121714293293 0.812567544286726 0.0131367339268427 0.9617 0.00191919540432964 0.0676 0.00251058240255125
logFU 1 40 binary0.05 0.5 1 0 -0.0362806283238324 0.00967941834437742 0.938133987706787 0.0133581600628201 0.9737 0.00160025966642917 0.0481 0.00213977545550929
logFU 4 40 binary0.05 0.5 1 0 -0.137864327179737 0.0077651161334814 0.621916561344685 0.0110398263211134 0.9589 0.00198521510169553 0.0891 0.00284888030636599
logFU 1 50 binary0.05 0.5 1 0 -0.0258529460747059 0.00906995576512364 0.823227086536156 0.012857423195677 0.9646 0.00184788636014231 0.0583 0.00234309858947506
logFU 4 50 binary0.05 0.5 1 0 -0.113190012420045 0.00683726063860721 0.480246561181082 0.00884379571001447 0.9582 0.00200131856534636 0.1038 0.00305000918031405
logFU 1 10 binary0.1 0.5 1 0 -0.12280521704957 0.0110228140447528 1.22998391355712 0.0154256587029386 0.9876 0.00110662730853707 0.0094 0.000964968393264774
logFU 4 10 binary0.1 0.5 1 0 -0.178182726513372 0.01042040733267 1.11748938892639 0.0152081435291251 0.9791 0.00143049606780306 0.0469 0.00211424667434999
logFU 1 20 binary0.1 0.5 1 0 -0.0314326320102326 0.0102413642808587 1.04973854814525 0.0151422117383794 0.9729 0.0016237484411078 0.0454 0.00208179826111946
logFU 4 20 binary0.1 0.5 1 0 -0.122223205225516 0.00807620886847682 0.667124783618548 0.0114878186433007 0.9586 0.00199213553755762 0.0773 0.0026706686428683
logFU 1 30 binary0.1 0.5 1 0 0.0054954791236837 0.00894249057033331 0.799631608158202 0.0128420217103622 0.9651 0.00183526537590617 0.0719 0.00258322259977726
logFU 4 30 binary0.1 0.5 1 0 -0.0885311022103182 0.00677873111157007 0.467303759692771 0.00859016983363486 0.9496 0.00218768919181862 0.1119 0.00315243382166858
logFU 1 40 binary0.1 0.5 1 0 0.0181021270662401 0.00794059756533961 0.6307955308614 0.0110250533917214 0.9587 0.00198983190244804 0.0924 0.00289589778825151
logFU 4 40 binary0.1 0.5 1 0 -0.0604669583719145 0.00565849232546549 0.323809588492872 0.00567743491420539 0.9563 0.00204426783959441 0.1351 0.00341830352660497
logFU 1 50 binary0.1 0.5 1 0 0.0119450857589364 0.00712556566958692 0.507828772503635 0.00925522051800037 0.9556 0.00205982135147687 0.1074 0.0030962112331041
logFU 4 50 binary0.1 0.5 1 0 -0.0590758649746107 0.00509958846908381 0.263521977560071 0.00429312954817615 0.9522 0.00213342822705616 0.1599 0.00366513287617243
logFU 1 10 binary0.2 0.5 1 0 -0.0506256692774519 0.0109959364303806 1.21154822758151 0.0159490623165917 0.9787 0.00144382512791543 0.0299 0.00170311449996763
logFU 4 10 binary0.2 0.5 1 0 -0.0954726043785608 0.00907343696240967 0.832305274036737 0.0138603133710076 0.9579 0.00200817305031215 0.0708 0.00256490467659132
logFU 1 20 binary0.2 0.5 1 0 0.00367200281162505 0.00879868845224257 0.774105251482434 0.012623865058245 0.9649 0.00184032578637588 0.0731 0.00260300576257526
logFU 4 20 binary0.2 0.5 1 0 -0.0581201086107156 0.00641031965660868 0.414258835825858 0.00723114111446055 0.9533 0.00210995521279481 0.1152 0.00319263151647665
logFU 1 30 binary0.2 0.5 1 0 0.0171371827277462 0.00735797744456079 0.541637863946422 0.00987925531620963 0.9518 0.00214188608473934 0.1106 0.00313636158629709
logFU 4 30 binary0.2 0.5 1 0 -0.0362108067051026 0.00520242576689048 0.271936495888434 0.00443634539405931 0.9542 0.00209051094232965 0.1619 0.00368359050384268
logFU 1 40 binary0.2 0.5 1 0 0.00364606381666663 0.00609702097152546 0.371712767388839 0.00652838552640395 0.9534 0.00210780549387271 0.1291 0.003353105873664
logFU 4 40 binary0.2 0.5 1 0 -0.0301169803714615 0.00440629625848042 0.195042084234963 0.00297961480808348 0.9506 0.0021670173049609 0.1923 0.00394107485338708
logFU 1 50 binary0.2 0.5 1 0 0.0112567185674655 0.00548714440175257 0.301184141816068 0.00498287661956197 0.9501 0.00217738352156895 0.1567 0.0036351768870304
logFU 4 50 binary0.2 0.5 1 0 -0.018085538018216 0.00395602306274037 0.156812621296273 0.00238766187293015 0.9536 0.00210349803898173 0.2363 0.00424808556881803
logFU 1 10 continuous 1 1 0 -0.0355002257343497 0.00482871717836414 0.234402045403891 0.00299113731507054 0.978 0.00146683332386471 0.4625 0.00498591766879478
logFU 4 10 continuous 1 1 0 0.00230243595807688 0.00443582623880365 0.196751168865509 0.00326479043385478 0.9614 0.00192639663620969 0.7511 0.00432375750938926
logFU 1 20 continuous 1 1 0 0.0364015189323354 0.00436505186060638 0.191842794360668 0.0030999623593848 0.9751 0.00155820377358034 0.8243 0.00380564725112562
logFU 4 20 continuous 1 1 0 0.00781183250245225 0.00323081919148398 0.10443251301501 0.00192316581775559 0.9552 0.00206864593393843 0.9669 0.00178897708202201
logFU 1 30 continuous 1 1 2e-04 0.0437262202465072 0.00387801027028599 0.152256502010513 0.00287419453572831 0.965193038607722 0.00183308912119317 0.951590318063613 0.00214651810407337
logFU 4 30 continuous 1 1 0 0.00674310329064301 0.00263528631346004 0.0694858642471323 0.00125021183832244 0.9506 0.0021670173049609 0.9968 0.000564779603031128
logFU 1 40 continuous 1 1 0 0.0390637418091295 0.00342751517718699 0.118992830962312 0.00238486324785604 0.9587 0.00198983190244804 0.9884 0.00107076794871718
logFU 4 40 continuous 1 1 0 0.00865865611473341 0.00228157737573882 0.0521257199452242 0.000845624398915477 0.9506 0.0021670173049609 0.9996 0.000199959995999189
logFU 1 50 continuous 1 1 1e-04 0.0323042531435842 0.00310326753876457 0.0973269984038301 0.00190989693346485 0.957495749574958 0.00201746646296232 0.997999799979998 0.000446810794382585
logFU 4 50 continuous 1 1 0 0.00376012586395955 0.00202765792630899 0.0411239938110836 0.000680362805989054 0.9506 0.0021670173049609 1 0
logFU 1 10 binary0.05 1 1 0 -0.349610504400408 0.0104755156931833 1.21948205873936 0.0187126462186321 0.9796 0.00141364210463611 0.0078 0.000879724957017817
logFU 4 10 binary0.05 1 1 0 -0.346924979764379 0.0116183619923501 1.47008530910199 0.0164902776788081 0.9844 0.00123921910895531 0.0772 0.00266908523655578
logFU 1 20 binary0.05 1 1 0 -0.191544191575842 0.0101615836826186 1.06916374893212 0.015319336533795 0.9731 0.00161791192590944 0.0433 0.00203531594598971
logFU 4 20 binary0.05 1 1 0 -0.205971149898334 0.00987583040398537 1.01764684424709 0.015552002659985 0.9592 0.00197826590730367 0.1469 0.00354006200510669
logFU 1 30 binary0.05 1 1 0 -0.11765693031711 0.00966625427331196 0.948114433543187 0.0135760627374092 0.9679 0.00176265680153568 0.0918 0.00288743415509341
logFU 4 30 binary0.05 1 1 0 -0.158535548552706 0.00843716815734407 0.736920399501401 0.0129179974289795 0.9512 0.00215449669296567 0.2163 0.00411721155638133
logFU 1 40 binary0.05 1 1 0 -0.057353550479155 0.00909794422642201 0.830932548634273 0.0115004479606002 0.9659 0.00181486060070739 0.1397 0.00346675511105126
logFU 4 40 binary0.05 1 1 0 -0.0945604444516154 0.00702878756880003 0.502930820673377 0.0091939402899056 0.9537 0.00210134028657902 0.2889 0.00453251354107189
logFU 1 50 binary0.05 1 1 0 -0.0372404598610786 0.00855552307710388 0.733283406104111 0.0108287177442906 0.9657 0.00181998653841175 0.1926 0.0039434152710563
logFU 4 50 binary0.05 1 1 0 -0.0936749902099217 0.00633245100649455 0.409734261351618 0.00730114529078456 0.948 0.00222027025382047 0.3457 0.00475595952463854
logFU 1 10 binary0.1 1 1 0 -0.253271366834252 0.0105803864152394 1.18348020763922 0.0176856397164012 0.9713 0.00166962001665049 0.0259 0.00158836991913093
logFU 4 10 binary0.1 1 1 0 -0.204380120051605 0.0104039438885633 1.12408347578761 0.0163518507782662 0.9648 0.00184284996676344 0.1235 0.00329010258198738
logFU 1 20 binary0.1 1 1 0 -0.0763623994359961 0.00957007903806781 0.921603757583475 0.012925270505414 0.9684 0.0017493267276298 0.1169 0.00321301089322772
logFU 4 20 binary0.1 1 1 0 -0.106005851092957 0.00770451555301187 0.604773479972054 0.0107862474210212 0.9534 0.00210780549387271 0.2472 0.00431384005266769
logFU 1 30 binary0.1 1 1 0 -0.0114746647155572 0.00867060504051656 0.751850406224873 0.0111642679594488 0.9622 0.00190712243969809 0.2048 0.00403555398923122
logFU 4 30 binary0.1 1 1 0 -0.0833561518423951 0.00615533863370966 0.385792296812663 0.00653978747419585 0.9526 0.00212492917529032 0.357 0.0047911480878804
logFU 1 40 binary0.1 1 1 0 0.01317095991591 0.0076709694667258 0.588552356006944 0.00963704427557043 0.9592 0.00197826590730367 0.2766 0.00447316934622422
logFU 4 40 binary0.1 1 1 0 -0.0540377253403855 0.00531104412898224 0.28496376597019 0.00444482329309062 0.9501 0.00217738352156895 0.4593 0.00498340756912376
logFU 1 50 binary0.1 1 1 0 0.0189041206398177 0.0069703181658211 0.48616213376959 0.00860203886963106 0.9599 0.00196193756271702 0.3464 0.00475822487909094
logFU 4 50 binary0.1 1 1 0 -0.0396467483759804 0.00463959025402343 0.216808316111355 0.00331793383584681 0.9528 0.00212066404694379 0.5538 0.00497097133365301
logFU 1 10 binary0.2 1 1 0 -0.105684486340368 0.0104062950067549 1.09397067735338 0.0153537952122818 0.9689 0.00173587989215844 0.0773 0.0026706686428683
logFU 4 10 binary0.2 1 1 0 -0.120157050442502 0.00880858604910324 0.790272007427418 0.0131997647731422 0.9562 0.00204649847300212 0.1831 0.00386748484159925
logFU 1 20 binary0.2 1 1 0 0.00956843072008649 0.00864236361391386 0.746921352768629 0.0113838319110376 0.9663 0.00180455839473263 0.2098 0.00407165764769093
logFU 4 20 binary0.2 1 1 0 -0.048031605529249 0.0061006439988995 0.3744483892856 0.00593906111510761 0.954 0.00209485083001153 0.3542 0.00478270174692088
logFU 1 30 binary0.2 1 1 0 0.038697129048873 0.00749593950149435 0.563332368788248 0.00969668531587771 0.9525 0.00212705782714058 0.3331 0.00471321960023082
logFU 4 30 binary0.2 1 1 0 -0.0331290182901946 0.00492458238847301 0.243588397349758 0.00367854258705844 0.9528 0.00212066404694379 0.5076 0.00499942236663397
logFU 1 40 binary0.2 1 1 0 0.0272893154718141 0.00637308181550848 0.406865808838742 0.00752196276014274 0.951 0.0021586801523153 0.4288 0.00494904596866911
logFU 4 40 binary0.2 1 1 0 -0.0233415765651136 0.00430961361869816 0.186253951851689 0.00279511488948663 0.9517 0.00214399416976819 0.6412 0.00479648371205407
logFU 1 50 binary0.2 1 1 0 0.0200518726798847 0.00561853503365978 0.316049868906668 0.00615390707215077 0.9568 0.00203307058411655 0.5085 0.00499927744779183
logFU 4 50 binary0.2 1 1 0 -0.0295263704489727 0.00382058485090303 0.146825895712784 0.00215376880028325 0.9512 0.00215449669296567 0.7237 0.00447166982233706
logFU 1 10 continuous 1.5 1 2e-04 -0.248043543435231 0.00395141874149913 0.217615859016399 0.00314665939024924 0.974394878975795 0.00157969901245397 0.768653730746149 0.00421735397026615
logFU 4 10 continuous 1.5 1 0 -0.0519072403815773 0.00472524634436124 0.225951563800009 0.00306253837416618 0.9687 0.00174127281033157 0.968 0.00176
logFU 1 20 continuous 1.5 1 0 -0.0666825108930917 0.00444688478817429 0.202174625667647 0.00236411207160471 0.9737 0.00160025966642917 0.9868 0.00114130451677017
logFU 4 20 continuous 1.5 1 0 0.00270423405837122 0.00402672973518593 0.162136621931788 0.00296604519619625 0.9615 0.00192399974012472 1 0
logFU 1 30 continuous 1.5 1 2e-04 -0.00923408867697287 0.00447979435314444 0.200710637186004 0.00296835389580128 0.970994198839768 0.00167839502737052 0.999599919983997 0.000199999987993603
logFU 4 30 continuous 1.5 1 0 -0.00190148703744177 0.00331211624857586 0.109693785979712 0.00196486751730942 0.9582 0.00200131856534636 1 0
logFU 1 40 continuous 1.5 1 4e-04 0.00780670851244579 0.00424777783472643 0.180406891947064 0.00300324446183691 0.96828731492597 0.00175269159839321 0.999899959983994 0.000100035011878837
logFU 4 40 continuous 1.5 1 0 0.00820338245618446 0.00294596940413977 0.0868459740492688 0.00150390158523668 0.9582 0.00200131856534636 1 0
logFU 1 50 continuous 1.5 1 7e-04 0.00736556050584377 0.00389040152007678 0.151285409563824 0.00277660664327519 0.965876113279295 0.00181610943640994 1 0
logFU 4 50 continuous 1.5 1 0 0.00579208241375158 0.0025971279263764 0.0674775378048636 0.00118848735130024 0.9585 0.00199443601050522 1 0
logFU 1 10 binary0.05 1.5 1 0 -0.523460914397637 0.00949728969159824 1.17590624525191 0.0204800210602001 0.9781 0.00146357063375841 0.0213 0.00144382512791543
logFU 4 10 binary0.05 1.5 1 0 -0.38787734271535 0.0116953929613551 1.51813421598053 0.019787677995214 0.963 0.00188761754600873 0.1644 0.00370638152380459
logFU 1 20 binary0.05 1.5 1 0 -0.283991974198784 0.00925979467267445 0.938003671412843 0.0149527897488245 0.9723 0.0016411188256796 0.1147 0.00318659551873155
logFU 4 20 binary0.05 1.5 1 0 -0.208412949558603 0.00953505229292235 0.952517262609123 0.0153621952994644 0.9512 0.00215449669296567 0.3352 0.00472060335126772
logFU 1 30 binary0.05 1.5 1 0 -0.146127989439616 0.00894128483423863 0.820739187593034 0.0110630977753158 0.9683 0.00175200199771575 0.2518 0.00434046955985179
logFU 4 30 binary0.05 1.5 1 0 -0.120957095128921 0.00790508777651108 0.639472255992721 0.0113756553249527 0.9464 0.0022522664140816 0.4886 0.00499870023106007
logFU 1 40 binary0.05 1.5 1 0 -0.0784253031648069 0.00855558282944039 0.738057305693091 0.0092529452068049 0.9712 0.0016724401334577 0.3634 0.00480978627383795
logFU 4 40 binary0.05 1.5 1 0 -0.0811124432971166 0.00678277100165029 0.466593047083449 0.00865648001164942 0.9464 0.0022522664140816 0.6156 0.00486453122099139
logFU 1 50 binary0.05 1.5 1 0 -0.0348234632428459 0.00823482756704895 0.679268711797462 0.00888097104493445 0.9699 0.00170862488569024 0.4649 0.00498766468399791
logFU 4 50 binary0.05 1.5 1 0 -0.0733840609881699 0.00588902479403501 0.352156670041681 0.00642653884256823 0.9503 0.00217324434889407 0.7161 0.00450888888751985
logFU 1 10 binary0.1 1.5 1 0 -0.340145430169421 0.00974393562660758 1.06504678433837 0.0171206988571851 0.9732 0.00161498482965011 0.0773 0.0026706686428683
logFU 4 10 binary0.1 1.5 1 0 -0.18428166608441 0.0101560454164365 1.06530917220356 0.0159342950435424 0.9596 0.00196895505281355 0.2869 0.00452314481306977
logFU 1 20 binary0.1 1.5 1 0 -0.0836128536769937 0.00901999568913002 0.820512971297022 0.0106502253091486 0.972 0.0016497272501841 0.295 0.00456042761152943
logFU 4 20 binary0.1 1.5 1 0 -0.0933819854142226 0.00757252189426468 0.582093730503242 0.0101230926855 0.9468 0.00224432083267968 0.5276 0.0049923765883595
logFU 1 30 binary0.1 1.5 1 0 -0.0141974375848009 0.00842002527812377 0.709098927250721 0.00960617650492175 0.969 0.0017331762749357 0.4717 0.00499198467545725
logFU 4 30 binary0.1 1.5 1 0 -0.0529256029464607 0.0059791291799332 0.360265226964782 0.00610512010542231 0.9478 0.00222430123859157 0.7203 0.0044885176840467
logFU 1 40 binary0.1 1.5 1 0 0.00418861002231587 0.00769028651599413 0.591363470928031 0.00900284890263574 0.961 0.0019359493795035 0.6039 0.00489085667342645
logFU 4 40 binary0.1 1.5 1 0 -0.0437925492929323 0.00517663762725781 0.269866761035865 0.004806359734252 0.9476 0.00222832313635164 0.8387 0.0036780743603141
logFU 1 50 binary0.1 1.5 1 0 0.0153413329674179 0.0070749392570799 0.500732956645427 0.00845342514615424 0.9591 0.0019805855194866 0.7186 0.00449682154415761
logFU 4 50 binary0.1 1.5 1 0 -0.0376754078877426 0.00458419703289935 0.211547045861504 0.00328993419221135 0.9462 0.00225622605250449 0.9054 0.00292661647641094
logFU 1 10 binary0.2 1.5 1 0 -0.162813900104425 0.00957768186679588 0.943736533492778 0.0135515968794911 0.9733 0.00161205179817523 0.1817 0.00385597082457842
logFU 4 10 binary0.2 1.5 1 0 -0.116026464236998 0.00878055125912898 0.784365846464841 0.0123282860861377 0.9548 0.00207742532958468 0.3895 0.00487636903853677
logFU 1 20 binary0.2 1.5 1 0 0.0135592107226782 0.00863985156631691 0.746579556040222 0.0102272619953765 0.9711 0.001675254905977 0.4606 0.00498445222667446
logFU 4 20 binary0.2 1.5 1 0 -0.0342115249801143 0.00626814290654144 0.394027293794227 0.00679050615155512 0.9521 0.00213554653426237 0.7151 0.00451366802057927
logFU 1 30 binary0.2 1.5 1 0 0.0349074437932416 0.00764982665939478 0.586358488972132 0.00981764080289942 0.9618 0.00191678793819243 0.6584 0.0047424618079643
logFU 4 30 binary0.2 1.5 1 0 -0.036290886565935 0.00507346227805703 0.25869148329693 0.00436552645596094 0.9483 0.00221420662992414 0.8667 0.00339898676078622
logFU 1 40 binary0.2 1.5 1 0 0.0234955364406415 0.00662129005070614 0.438923018106499 0.00798252439077582 0.9533 0.00210995521279481 0.786 0.00410126809657696
logFU 4 40 binary0.2 1.5 1 0 -0.0239113831025013 0.00426542757834844 0.182492284630804 0.00285258399099998 0.9534 0.00210780549387271 0.9484 0.00221218082443547
logFU 1 50 binary0.2 1.5 1 0 0.0270290279843929 0.00602739564603621 0.363989221594068 0.00715859285008425 0.9536 0.00210349803898173 0.8761 0.00329467433899012
logFU 4 50 binary0.2 1.5 1 0 -0.011606418378369 0.00381870343167792 0.145945085442761 0.00221763035225363 0.951 0.0021586801523153 0.9828 0.00130015999015506
logFU 1 10 continuous 0 5 0 -0.00344866746717116 0.00657497351005224 0.432271429609527 0.00579081168928602 0.9685 0.00174664678741868 0.0315 0.00174664678741868
logFU 4 10 continuous 0 5 0 -0.00591239745037021 0.00450310853732585 0.202794543446481 0.00339196720672245 0.9434 0.00231076697224103 0.0566 0.00231076697224103
logFU 1 20 continuous 0 5 0 -0.00967855436066933 0.00500872970804506 0.250942319923755 0.0044367414971071 0.9285 0.0025765820382825 0.0715 0.0025765820382825
logFU 4 20 continuous 0 5 0 0.00099553654903907 0.00285200237645097 0.0813320327282848 0.0012761107232634 0.9404 0.0023674425019417 0.0596 0.00236744250194171
logFU 1 30 continuous 0 5 0 -0.000306957710189596 0.00366618708020975 0.134395930366298 0.00250083483383087 0.9315 0.00252601959612351 0.0685 0.00252601959612351
logFU 4 30 continuous 0 5 0 0.00118459322418186 0.00223255743579092 0.0498395459894561 0.000754607809959719 0.9433 0.00231268480342653 0.0567 0.00231268480342653
logFU 1 40 continuous 0 5 0 0.000182765332369639 0.00286464876622794 0.0820539527291255 0.00136175248587215 0.9413 0.00235062353429893 0.0587 0.00235062353429893
logFU 4 40 continuous 0 5 0 0.00231191921033048 0.00186905143097067 0.0349353841333188 0.000520376128156754 0.9466 0.0022482980229498 0.0534 0.0022482980229498
logFU 1 50 continuous 0 5 0 0.000623471697572343 0.00243346987091647 0.0592122230679273 0.000959713100970902 0.9397 0.00238041824056194 0.0603 0.00238041824056194
logFU 4 50 continuous 0 5 0 0.00125213850514725 0.0016466353513728 0.0271129362467616 0.000391711648245751 0.9494 0.00219179469841498 0.0506 0.00219179469841498
logFU 1 10 binary0.05 0 5 0 -0.00654184451202861 0.0109797701966389 1.20547577608606 0.0177560611026569 0.9989 0.00033148001448051 0.0011 0.000331480014480511
logFU 4 10 binary0.05 0 5 0 -0.059472873696956 0.0112321820083955 1.26502998749034 0.019660682658978 0.9859 0.00117903307841638 0.0141 0.00117903307841638
logFU 1 20 binary0.05 0 5 0 0.0175200974142673 0.0124978575311908 1.56211518606996 0.0228557117893772 0.9892 0.00103360340556715 0.0108 0.00103360340556714
logFU 4 20 binary0.05 0 5 0 -0.131629832471891 0.0101719618628516 1.05191102538152 0.0135324979443158 0.9832 0.00128521437900453 0.0168 0.00128521437900453
logFU 1 30 binary0.05 0 5 0 0.0185018284786103 0.0117215521135209 1.37415276237298 0.0188165029903769 0.9791 0.00143049606780306 0.0209 0.00143049606780305
logFU 4 30 binary0.05 0 5 0 -0.127265272557314 0.00945156923524556 0.909428727524482 0.0126670894581966 0.9722 0.00164399391726369 0.0278 0.00164399391726369
logFU 1 40 binary0.05 0 5 0 0.0195183756006462 0.01106172576585 1.22387637439787 0.01717726629591 0.973 0.00162083311910881 0.027 0.00162083311910881
logFU 4 40 binary0.05 0 5 0 -0.119886295820855 0.00851976671270391 0.740164385889781 0.01141104003389 0.9692 0.00172775461220626 0.0308 0.00172775461220626
logFU 1 50 binary0.05 0 5 0 0.00449145663504804 0.0102929129026931 1.05935478935095 0.0160171313776923 0.9674 0.00177587274318854 0.0326 0.00177587274318854
logFU 4 50 binary0.05 0 5 0 -0.116138993530379 0.0078971503856379 0.637075742967844 0.0106236941325679 0.9611 0.00193356639399841 0.0389 0.00193356639399841
logFU 1 10 binary0.1 0 5 0 -0.0103944420657313 0.0114433462022328 1.30947881729512 0.0194502288911887 0.9964 0.000598919026246457 0.0036 0.000598919026246453
logFU 4 10 binary0.1 0 5 0 -0.0771913398433672 0.0112066713165142 1.26172773342863 0.0177938254002676 0.9819 0.00133313127635653 0.0181 0.00133313127635653
logFU 1 20 binary0.1 0 5 0 -0.00689801128173145 0.0127135401767494 1.61622698671401 0.024960307497638 0.9689 0.00173587989215844 0.0311 0.00173587989215844
logFU 4 20 binary0.1 0 5 0 -0.107106290841138 0.0090928013631498 0.838179444798106 0.0130800485261049 0.9648 0.00184284996676344 0.0352 0.00184284996676344
logFU 1 30 binary0.1 0 5 0 0.00706803835421576 0.0109017818366806 1.18841958046475 0.0187769950852181 0.9577 0.00201272725424982 0.0423 0.00201272725424981
logFU 4 30 binary0.1 0 5 0 -0.0779730449266466 0.00770933414372051 0.600358691297542 0.0106814321171584 0.9555 0.00206203176503176 0.0445 0.00206203176503176
logFU 1 40 binary0.1 0 5 0 0.00265220768852378 0.00928687050605147 0.862380426203514 0.0151927424227715 0.9543 0.00208833689810816 0.0457 0.00208833689810816
logFU 4 40 binary0.1 0 5 0 -0.0745127257717728 0.00663646222421588 0.445934412205531 0.00818367592399602 0.9511 0.00215658966889856 0.0489 0.00215658966889856
logFU 1 50 binary0.1 0 5 0 -0.0112437588592964 0.0082642054299554 0.683029038906939 0.0122850690810501 0.9482 0.00221623013245466 0.0518 0.00221623013245466
logFU 4 50 binary0.1 0 5 0 -0.0656619048253535 0.00599230471102887 0.363352735527731 0.00713327970980213 0.949 0.00219997727260988 0.051 0.00219997727260988
logFU 1 10 binary0.2 0 5 0 -0.00800052758625811 0.0120705377749256 1.45689713231853 0.0210993191966568 0.9901 0.000990049998737438 0.0099 0.000990049998737437
logFU 4 10 binary0.2 0 5 0 -0.0878489700440002 0.0106327524210806 1.13815862659371 0.0184390074318777 0.9617 0.00191919540432964 0.0383 0.00191919540432964
logFU 1 20 binary0.2 0 5 0 0.00164766192048975 0.0117958216260259 1.39127765171217 0.0235477805764175 0.9466 0.0022482980229498 0.0534 0.0022482980229498
logFU 4 20 binary0.2 0 5 0 -0.0627609897009662 0.0074037830143598 0.552044155062549 0.00982241360138771 0.9499 0.00218151300706643 0.0501 0.00218151300706643
logFU 1 30 binary0.2 0 5 0 0.0114474543778038 0.009082275764866 0.82492588716939 0.014770189677372 0.9405 0.00236558132390328 0.0595 0.00236558132390328
logFU 4 30 binary0.2 0 5 0 -0.0363069396757184 0.0058985849621092 0.349216446116268 0.0060281279813317 0.9488 0.00220405444578849 0.0512 0.00220405444578849
logFU 1 40 binary0.2 0 5 0 0.00553584181924293 0.00751984352676202 0.565454564167824 0.0106319176412582 0.9407 0.00236185329773041 0.0593 0.00236185329773041
logFU 4 40 binary0.2 0 5 0 -0.0294720012297653 0.0049620664416905 0.247065010470625 0.00424114330962908 0.949 0.00219997727260988 0.051 0.00219997727260988
logFU 1 50 binary0.2 0 5 0 -0.00016814574691144 0.00638794772593799 0.408017983890005 0.00719639131742293 0.945 0.0022798026230356 0.055 0.0022798026230356
logFU 4 50 binary0.2 0 5 0 -0.0211482271473452 0.00436117973342424 0.190627114295113 0.00292570848185702 0.9535 0.00210565310533335 0.0465 0.00210565310533335
logFU 1 10 continuous 0.5 5 0 0.058366876880242 0.00601369759069037 0.365016114880791 0.00492252753222853 0.9835 0.00127388186265446 0.0938 0.00291550270107918
logFU 4 10 continuous 0.5 5 0 0.0778255933755974 0.00479571841495577 0.236022975224606 0.00402081442554483 0.9417 0.00234309858947506 0.2717 0.00444836048449314
logFU 1 20 continuous 0.5 5 0 0.148187305489747 0.00510464722875349 0.282507653385188 0.00481518063504706 0.9422 0.00233364864536202 0.3142 0.00464196467026624
logFU 4 20 continuous 0.5 5 0 0.0416575500518126 0.00304089937610468 0.0941967945632427 0.00163281370005755 0.9452 0.0022758945494025 0.4943 0.00499967508944331
logFU 1 30 continuous 0.5 5 0 0.112140329001768 0.00395643256300194 0.169093386285821 0.00332458277578339 0.9398 0.00237857015872982 0.4527 0.00497757682010032
logFU 4 30 continuous 0.5 5 0 0.0234286227420066 0.00238003600869433 0.057188949819001 0.000906449222340851 0.9477 0.00222631332026739 0.6665 0.00471463413214642
logFU 1 40 continuous 0.5 5 0 0.0888019319738405 0.00323971563075968 0.112832861046804 0.00223339380398843 0.9403 0.0023693017958884 0.5798 0.00493590883222128
logFU 4 40 continuous 0.5 5 0 0.0220333071199037 0.00202400401683654 0.0414472926320844 0.000645178410666403 0.946 0.00226017698422048 0.7891 0.00407947533391244
logFU 1 50 continuous 0.5 5 0 0.070744588023012 0.00278052188717783 0.0823100850833301 0.00156065171816129 0.9369 0.00243142735856945 0.6759 0.00468037594643849
logFU 4 50 continuous 0.5 5 0 0.0150314397309517 0.00176859284658348 0.0315020228295906 0.000482563102534364 0.9484 0.00221218082443547 0.8769 0.00328551959361073
logFU 1 10 binary0.05 0.5 5 0 -0.22605091117306 0.0110104561642806 1.26327923375267 0.0190860114696729 0.9976 0.000489309717867933 0.0027 0.000518913287553903
logFU 4 10 binary0.05 0.5 5 0 -0.201363279392762 0.0120799455433789 1.49965208851346 0.0189134147637689 0.9881 0.00108436110221642 0.0311 0.00173587989215844
logFU 1 20 binary0.05 0.5 5 0 -0.125620043710133 0.0124223381666976 1.55877093617413 0.0231361826145182 0.9818 0.00133674081257363 0.0204 0.00141364210463611
logFU 4 20 binary0.05 0.5 5 0 -0.190155624575949 0.0105982673373347 1.15927954382346 0.0160521694823803 0.971 0.0016780643611018 0.0533 0.00224631053062572
logFU 1 30 binary0.05 0.5 5 0 -0.0383233786628411 0.0116285945084806 1.35357555956855 0.0198289911687614 0.9738 0.00159729646590732 0.0393 0.00194307771331977
logFU 4 30 binary0.05 0.5 5 0 -0.140512577930678 0.00907457109881687 0.843139842990918 0.0135101045530016 0.9618 0.00191678793819243 0.0734 0.00260791947728453
logFU 1 40 binary0.05 0.5 5 0 -0.0218191177669484 0.0106154768063461 1.12724686381301 0.0169002159506273 0.9659 0.00181486060070739 0.0548 0.0022758945494025
logFU 4 40 binary0.05 0.5 5 0 -0.111751120020411 0.00808939007481271 0.666805192418816 0.01158496886343 0.9536 0.00210349803898173 0.0932 0.00290712504031044
logFU 1 50 binary0.05 0.5 5 0 -0.000816275948589131 0.00979347687122927 0.959026646390227 0.0151568401262591 0.9611 0.00193356639399841 0.0705 0.00255987792677698
logFU 4 50 binary0.05 0.5 5 0 -0.102347552785156 0.00720968161894529 0.53021813251764 0.00975710875072982 0.9511 0.00215658966889856 0.1084 0.00310884930480717
logFU 1 10 binary0.1 0.5 5 0 -0.175272345903402 0.0114749843798974 1.34734138516087 0.0200698041771256 0.9937 0.000791221208006963 0.007 0.000833726573883788
logFU 4 10 binary0.1 0.5 5 0 -0.122960879981575 0.011768661378479 1.39999478302824 0.021108345772053 0.974 0.00159135162676261 0.0503 0.0021856328602947
logFU 1 20 binary0.1 0.5 5 0 0.0154580131547652 0.0124822866316842 1.55815793824637 0.0235417560133239 0.9638 0.00186787472813355 0.0534 0.0022482980229498
logFU 4 20 binary0.1 0.5 5 0 -0.0907449837004597 0.00890305940759419 0.800800055751492 0.0136656155400237 0.9509 0.00216076815045021 0.0869 0.00281688462667536
logFU 1 30 binary0.1 0.5 5 0 0.0416135413865264 0.0104994660554638 1.10400932253765 0.0185108307789897 0.9572 0.00202405928766921 0.0777 0.00267698916695604
logFU 4 30 binary0.1 0.5 5 0 -0.0561683722969581 0.00700341241247047 0.493583692452524 0.00859184069042176 0.9514 0.00215030323442997 0.1153 0.00319383640783306
logFU 1 40 binary0.1 0.5 5 0 0.056046312959119 0.0089032483279534 0.795740229257576 0.0136626446819507 0.9531 0.00211424667434999 0.0983 0.00297719851538321
logFU 4 40 binary0.1 0.5 5 0 -0.0539743967337974 0.00598543470443188 0.36113169608435 0.00649286554975804 0.9499 0.00218151300706643 0.1381 0.00345004913008496
logFU 1 50 binary0.1 0.5 5 0 0.041617986648594 0.00773600149465128 0.600129402346025 0.0108020338900493 0.9475 0.00223033069296909 0.1101 0.00313014360692924
logFU 4 50 binary0.1 0.5 5 0 -0.0455716167909684 0.00520390132752337 0.27285558193391 0.00471141927746208 0.9496 0.00218768919181862 0.1564 0.0036323413936468
logFU 1 10 binary0.2 0.5 5 0 -0.06746631679669 0.0120438009724276 1.45493806939472 0.020395959067698 0.9875 0.00111102430216445 0.0199 0.00139656686198692
logFU 4 10 binary0.2 0.5 5 0 -0.0322405663175848 0.0108321685470153 1.17428087255052 0.0204169984102578 0.9479 0.00222228688517032 0.0801 0.00271447950811937
logFU 1 20 binary0.2 0.5 5 0 0.085660725799507 0.0113902864958616 1.30459428589612 0.0219352351422323 0.948 0.00222027025382047 0.0861 0.00280511657511769
logFU 4 20 binary0.2 0.5 5 0 -0.0220735181427369 0.00688045603635774 0.473846652210449 0.0083047728581492 0.9495 0.00218974313562116 0.1138 0.0031756819740018
logFU 1 30 binary0.2 0.5 5 0 0.0837778528688259 0.0088379025886264 0.788025841769634 0.0144384594776413 0.942 0.00233743449106066 0.1162 0.00320464600229105
logFU 4 30 binary0.2 0.5 5 0 -0.0278568709247496 0.00543230278566951 0.295845630896091 0.00498617542441315 0.9486 0.00220812227922278 0.1543 0.00361236086237242
logFU 1 40 binary0.2 0.5 5 0 0.0562364922707135 0.00724713563570999 0.528319771311769 0.00926686058505458 0.941 0.00235624701591323 0.1442 0.00351292413809351
logFU 4 40 binary0.2 0.5 5 0 -0.0127107893769733 0.00461573241295393 0.213190116260814 0.00317416627249236 0.9493 0.00219384388687983 0.199 0.00399248043201216
logFU 1 50 binary0.2 0.5 5 0 0.0458258211876399 0.00609448338314166 0.373490140233711 0.00661801628835772 0.9457 0.00226608715631151 0.16 0.00366606055596467
logFU 4 50 binary0.2 0.5 5 0 -0.0173848215656784 0.00411865476107807 0.169918439113339 0.00249716093821643 0.9471 0.00223833844625874 0.2389 0.00426411526579665
logFU 1 10 continuous 1 5 1e-04 -0.0093027732761219 0.00486017412011283 0.236252223783817 0.00371360074536668 0.987998799879988 0.00108896084187663 0.296729672967297 0.00456839188722304
logFU 4 10 continuous 1 5 0 0.130122672937364 0.00514987608572786 0.282117625772182 0.00446532504521976 0.9679 0.00176265680153568 0.7239 0.00447066874192218
logFU 1 20 continuous 1 5 0 0.214634816262282 0.00510568305684883 0.3067220311224 0.00430436709542662 0.982 0.00132951118836962 0.7813 0.00413364621127643
logFU 4 20 continuous 1 5 0 0.0957723214316536 0.00382264289282105 0.155283711814075 0.00317594507522458 0.9453 0.00227393733422889 0.9641 0.00186040828852164
logFU 1 30 continuous 1 5 0 0.216125569764127 0.00485647954371657 0.282540612097686 0.00495873564403588 0.9512 0.00215449669296567 0.9324 0.00251058240255125
logFU 4 30 continuous 1 5 0 0.062958211870837 0.00296128225680624 0.0916468932941235 0.00170922573441116 0.9456 0.00226805290943576 0.9968 0.000564779603031128
logFU 1 40 continuous 1 5 0 0.169467754373927 0.00420016102199103 0.205115204526459 0.00406752762894983 0.9457 0.00226608715631151 0.9827 0.00130386770801335
logFU 4 40 continuous 1 5 0 0.0495792055206664 0.00249546778678102 0.0647254650092031 0.00116450295215784 0.945 0.0022798026230356 0.9997 0.000173179098045915
logFU 1 50 continuous 1 5 0 0.138286570092447 0.00362030733382079 0.150176320755908 0.00312754520348935 0.9443 0.00229341470301383 0.9951 0.00069828289396204
logFU 4 50 continuous 1 5 0 0.0348272508533005 0.00214285295581143 0.0471265334855064 0.000824103876860286 0.9504 0.00217117111255654 1 0
logFU 1 10 binary0.05 1 5 0 -0.468448331628084 0.0108955360448401 1.40645218374352 0.0212383832038287 0.9914 0.000923365583070977 0.0062 0.000784956049725079
logFU 4 10 binary0.05 1 5 0 -0.255824772564072 0.0128495686442812 1.71639534628406 0.0216912376565803 0.9795 0.00141703034547606 0.0715 0.0025765820382825
logFU 1 20 binary0.05 1 5 0 -0.15700740964143 0.0120440741242836 1.47510348207318 0.0225409657235367 0.9764 0.00151799341237042 0.0489 0.00215658966889856
logFU 4 20 binary0.05 1 5 0 -0.172523347301875 0.0105512892456599 1.14295002311528 0.0174241076796123 0.9592 0.00197826590730367 0.1419 0.00348947546201431
logFU 1 30 binary0.05 1 5 0 -0.0578613334620296 0.0108938943898038 1.18999860673703 0.0175367360435977 0.9706 0.00168924953751659 0.1011 0.00301461092016864
logFU 4 30 binary0.05 1 5 0 -0.122633169871074 0.00889057029857718 0.805382254451816 0.0137373578805654 0.9474 0.00223233599621562 0.2193 0.00413772292450812
logFU 1 40 binary0.05 1 5 0 -0.000246510039685328 0.0101860800197158 1.03745856622157 0.0156048148617933 0.963 0.00188761754600873 0.1525 0.00359504867839088
logFU 4 40 binary0.05 1 5 0 -0.0955999216472638 0.0074610562123906 0.565757275703682 0.0103151647953833 0.951 0.0021586801523153 0.2788 0.00448408920517868
logFU 1 50 binary0.05 1 5 0 0.0325894225244597 0.00933667074236998 0.872709102554199 0.0134811815911014 0.9639 0.00186538977160271 0.2001 0.00400074980472411
logFU 4 50 binary0.05 1 5 0 -0.0564372837329008 0.00651295995434109 0.427329222016291 0.00747990183103057 0.9477 0.00222631332026739 0.3564 0.00478935319223797
logFU 1 10 binary0.1 1 5 0 -0.320336346455673 0.0113390925245705 1.38823699264898 0.0205923578562157 0.9893 0.00102885907684192 0.0165 0.00127388186265446
logFU 4 10 binary0.1 1 5 0 -0.10004602243478 0.0121187163505676 1.47849520317418 0.0229941493668885 0.9617 0.00191919540432964 0.1247 0.00330378434526226
logFU 1 20 binary0.1 1 5 0 0.0323757956219587 0.0120030950039975 1.44164701460236 0.0223190907796087 0.9666 0.00179678713263425 0.1212 0.00326359556317875
logFU 4 20 binary0.1 1 5 0 -0.0547610902922929 0.00857042781965727 0.737447654896537 0.012820224689802 0.9483 0.00221420662992414 0.2456 0.00430442377095936
logFU 1 30 binary0.1 1 5 0 0.102705789932382 0.0101293866063781 1.03649060502733 0.0170742465288823 0.9608 0.00194070502653031 0.215 0.0041082234603293
logFU 4 30 binary0.1 1 5 0 -0.0388686776869353 0.00655499733453818 0.431147706673103 0.00736486520326656 0.9486 0.00220812227922278 0.3588 0.00479648371205407
logFU 1 40 binary0.1 1 5 0 0.104357859257679 0.00880337821158778 0.78580774268349 0.0137376650669653 0.9512 0.00215449669296567 0.278 0.00448013392656961
logFU 4 40 binary0.1 1 5 0 -0.0238696393776224 0.0055351864330709 0.306922009883689 0.00505903231422496 0.9485 0.00221015270965605 0.4535 0.00497833054346535
logFU 1 50 binary0.1 1 5 0 0.0862623522137355 0.00775118549292834 0.608189877990728 0.0109343978452301 0.9521 0.00213554653426237 0.3507 0.00477189176323185
logFU 4 50 binary0.1 1 5 0 -0.0209295677089589 0.00482653985703226 0.233369621232703 0.00374000432805052 0.9489 0.0022020170299069 0.5512 0.00497371651785664
logFU 1 10 binary0.2 1 5 0 -0.154511970228428 0.0117615230785316 1.40706986678706 0.0198734996885643 0.9852 0.00120751645951515 0.0407 0.00197594306598141
logFU 4 10 binary0.2 1 5 0 0.0210883962439333 0.0106997090451898 1.14516797319965 0.0195858734763777 0.9497 0.0021856328602947 0.1902 0.00392458864086416
logFU 1 20 binary0.2 1 5 0 0.196060003180553 0.0113982004141719 1.33749933269078 0.0213852444999867 0.954 0.00209485083001153 0.213 0.00409427649286171
logFU 4 20 binary0.2 1 5 0 0.0067188263286062 0.00686980403750698 0.471940023557194 0.00852084426701938 0.9489 0.0022020170299069 0.3513 0.00477376486643404
logFU 1 30 binary0.2 1 5 0 0.170781504492563 0.00912860079252462 0.862396515217126 0.0171719712362975 0.9452 0.0022758945494025 0.3169 0.00465268084011788
logFU 4 30 binary0.2 1 5 0 0.00895945122466426 0.00534376709205321 0.28561018326062 0.00446657716514381 0.945 0.0022798026230356 0.5109 0.00499881175880829
logFU 1 40 binary0.2 1 5 0 0.114657396710618 0.00733313572519308 0.550841339381924 0.0109455347719014 0.9444 0.00229147637997864 0.416 0.0049289349762398
logFU 4 40 binary0.2 1 5 0 0.00341782943451971 0.00457602539023341 0.20939082527028 0.00321094630906806 0.9451 0.00227784964385273 0.6274 0.00483496887270228
logFU 1 50 binary0.2 1 5 0 0.089710705980681 0.00625643449306968 0.399438593455707 0.00786935041630831 0.9475 0.00223033069296909 0.5007 0.0049999950999976
logFU 4 50 binary0.2 1 5 0 0.00234510752515743 0.00396197706941592 0.156962425252781 0.00240886910472196 0.9507 0.00216493671962947 0.7324 0.00442707849489932
logFU 1 10 continuous 1.5 5 1e-04 -0.268212681901761 0.00357877991002215 0.199989083845428 0.00366402406549628 0.991199119911991 0.000934039454594294 0.522352235223522 0.00499525104587871
logFU 4 10 continuous 1.5 5 0 0.0909233077322122 0.00500409833228154 0.258652008080276 0.00329158430505343 0.9832 0.00128521437900453 0.9534 0.00210780549387271
logFU 1 20 continuous 1.5 5 2e-04 0.0891879312495707 0.00434201387647768 0.196428772862315 0.00234234152684757 0.98879775955191 0.00105256667485926 0.963492698539708 0.00187567467092035
logFU 4 20 continuous 1.5 5 0 0.136152361287034 0.00466800369273885 0.236418259979793 0.00440525555985223 0.964 0.0018629009635512 0.9997 0.000173179098045915
logFU 1 30 continuous 1.5 5 5e-04 0.20362539267618 0.00487731494906666 0.279202582459743 0.00376237618995959 0.990995497748874 0.000944874866471826 0.998199099549775 0.00042409391483921
logFU 4 30 continuous 1.5 5 0 0.0961644334835054 0.00382488722308854 0.155530591198394 0.00315348052625654 0.955 0.00207304124416279 1 0
logFU 1 40 continuous 1.5 5 2e-04 0.212267221081796 0.00493222791950589 0.288253115028573 0.00460403320914597 0.980796159231846 0.0013725458473986 0.999899979995999 0.000100015001875108
logFU 4 40 continuous 1.5 5 0 0.0844795188464696 0.00322124796845945 0.110890797409098 0.00219465730956508 0.9537 0.00210134028657902 1 0
logFU 1 50 continuous 1.5 5 7e-04 0.2025438577175 0.00482975514371489 0.274102749503506 0.00511313557790075 0.962173521465026 0.00190843210118179 1 0
logFU 4 50 continuous 1.5 5 0 0.05951416155862 0.00286635779770601 0.0856937896637016 0.00167570504531545 0.9486 0.00220812227922278 1 0
logFU 1 10 binary0.05 1.5 5 0 -0.672506532710165 0.0106101809814905 1.57791186519721 0.0221212182059516 0.9886 0.00106160444610975 0.0127 0.0011197638143823
logFU 4 10 binary0.05 1.5 5 0 -0.274170854137444 0.0132562845785728 1.83228473645869 0.0238862655583975 0.9685 0.00174664678741868 0.156 0.00362855343077651
logFU 1 20 binary0.05 1.5 5 0 -0.183851168465611 0.0117549591728206 1.41545372462781 0.0221072174664993 0.9744 0.00157938722294439 0.1255 0.00331284998151139
logFU 4 20 binary0.05 1.5 5 0 -0.126590266283888 0.0103830658027793 1.09399784211082 0.0171509795430365 0.9519 0.00213977545550929 0.3307 0.00470465205939823
logFU 1 30 binary0.05 1.5 5 0 -0.0216633699286645 0.0105115713659374 1.10529013427604 0.0160957182695597 0.9709 0.00168086852549508 0.2538 0.00435184512592073
logFU 4 30 binary0.05 1.5 5 0 -0.0673707572599509 0.00842717802962672 0.71464109703447 0.0125191413640297 0.946 0.00226017698422048 0.4816 0.00499661325299447
logFU 1 40 binary0.05 1.5 5 0 0.0272430263957006 0.00964965103888083 0.931806718443766 0.013102067348464 0.9692 0.00172775461220626 0.3548 0.00478452672685606
logFU 4 40 binary0.05 1.5 5 0 -0.0327567686245507 0.00717172865683724 0.5153584914718 0.00928753662510575 0.9453 0.00227393733422889 0.6146 0.00486689675255188
logFU 1 50 binary0.05 1.5 5 0 0.0546458811821579 0.00902374848477158 0.817185111457631 0.0118610284054751 0.9655 0.00182509588789192 0.4605 0.00498437307993693
logFU 4 50 binary0.05 1.5 5 0 -0.0382531020452312 0.00616406211660922 0.381381921928476 0.00677184420500896 0.9498 0.00218357413430367 0.7143 0.0045174717486665
logFU 1 10 binary0.1 1.5 5 0 -0.432958593811535 0.0110785312038331 1.41466894644467 0.0203356706425873 0.9865 0.0011540255629751 0.0419 0.00200360649829252
logFU 4 10 binary0.1 1.5 5 0 -0.0305252334187736 0.012126933349917 1.47140985209607 0.0227787684876917 0.9565 0.00203979778409528 0.2645 0.00441066604947598
logFU 1 20 binary0.1 1.5 5 0 0.109357994124736 0.0117240628525963 1.38635821494549 0.0198756216967248 0.9732 0.00161498482965011 0.2795 0.0044875355151798
logFU 4 20 binary0.1 1.5 5 0 0.00562247524361433 0.00837136515841345 0.700759078628236 0.0123948960861077 0.946 0.00226017698422048 0.5286 0.00499181369844669
logFU 1 30 binary0.1 1.5 5 0 0.164586803480943 0.0101376307392262 1.05470161437212 0.0170275748938342 0.9662 0.00180714028232454 0.4535 0.00497833054346535
logFU 4 30 binary0.1 1.5 5 0 0.004216526985297 0.00652978865624511 0.426356539912197 0.0073532425738394 0.9459 0.00226214919932351 0.7048 0.0045613261229603
logFU 1 40 binary0.1 1.5 5 0 0.164599817136441 0.00892393663252494 0.823379913369534 0.0142461038935219 0.959 0.00198290191386261 0.5948 0.00490930707941559
logFU 4 40 binary0.1 1.5 5 0 0.00606285965681843 0.00546641396953864 0.298823693449204 0.00505430842452158 0.9451 0.00227784964385273 0.8313 0.00374486728736814
logFU 1 50 binary0.1 1.5 5 0 0.130685211235166 0.0079917994741537 0.65570334392758 0.0120391117778156 0.9467 0.00224631053062572 0.7028 0.00457025338466042
logFU 4 50 binary0.1 1.5 5 0 0.00496928833665445 0.00475417240651311 0.226023644379809 0.00353352971012012 0.9467 0.00224631053062572 0.9068 0.00290712504031044
logFU 1 10 binary0.2 1.5 5 0 -0.209943039097463 0.0111465754949118 1.2864132861579 0.0184594402271891 0.9845 0.00123530360640613 0.0916 0.00288460465228773
logFU 4 10 binary0.2 1.5 5 0 0.104691051355203 0.0110846931229921 1.23954156212132 0.0204763582114882 0.9474 0.00223233599621562 0.3885 0.00487409222317346
logFU 1 20 binary0.2 1.5 5 0 0.302746391817992 0.0114501642410007 1.40258688295659 0.0209206487395484 0.9671 0.00178374858093847 0.4302 0.00495103989077042
logFU 4 20 binary0.2 1.5 5 0 0.0699205218846585 0.00725004326814998 0.530467590153701 0.0102486796782371 0.9429 0.00232033596705305 0.6979 0.00459168367812941
logFU 1 30 binary0.2 1.5 5 0 0.257393848357458 0.00947572791056128 0.964055998102726 0.018185290062814 0.9499 0.00218151300706643 0.6259 0.00483889646510441
logFU 4 30 binary0.2 1.5 5 0 0.04261547683018 0.0055481730640627 0.309607540129023 0.00533478067742606 0.9431 0.00231651440746653 0.8654 0.00341295824762038
logFU 1 40 binary0.2 1.5 5 0 0.206608963459437 0.00788280397711981 0.664011110600199 0.0137646907633456 0.944 0.00229921725811199 0.7735 0.00418566302991533
logFU 4 40 binary0.2 1.5 5 0 0.0257001061116247 0.00458910286149315 0.211238086322721 0.00336794281121129 0.9466 0.0022482980229498 0.944 0.00229921725811199
logFU 1 50 binary0.2 1.5 5 0 0.172165599637647 0.00692495563898007 0.509143144706405 0.011176911850055 0.9456 0.00226805290943576 0.8702 0.00336083263492843
logFU 4 50 binary0.2 1.5 5 0 0.0215161774216538 0.00407798833870534 0.166746204808116 0.00259489836794787 0.9455 0.00227001651976368 0.9768 0.00150538234345963
logFW 1 10 continuous 0 0 0 0.00202983265297305 0.00398548396761338 0.158829060699176 0.0023371193301777 0.9754 0.00154902679124668 0.0246 0.00154902679124668
logFW 4 10 continuous 0 0 0 0.00063036149913317 0.00323870785462496 0.104882193803146 0.00160093757789857 0.9642 0.00185791173094956 0.0358 0.00185791173094956
logFW 1 20 continuous 0 0 0 -0.00135314277759682 0.00311825988904081 0.0972275548066487 0.00161604873740066 0.9646 0.00184788636014231 0.0354 0.00184788636014231
logFW 4 20 continuous 0 0 0 -0.00257365702163534 0.00238205947945074 0.0567430231395127 0.000839667139350617 0.9598 0.00196428002077097 0.0402 0.00196428002077097
logFW 1 30 continuous 0 0 0 0.00026694933927854 0.00262846004394602 0.0690811844859544 0.00109596591239451 0.9559 0.0020531729103999 0.0441 0.0020531729103999
logFW 4 30 continuous 0 0 0 -0.000741430350275998 0.0019969470692819 0.0398745378965027 0.000588623876780928 0.9544 0.00208616010890823 0.0456 0.00208616010890823
logFW 1 40 continuous 0 0 0 0.00239065695927683 0.00228728144209539 0.0523170475378412 0.000817461078412456 0.9503 0.00217324434889407 0.0497 0.00217324434889407
logFW 4 40 continuous 0 0 0 -0.00340569735008291 0.00174572818541652 0.0304842201811194 0.000448405631850402 0.9521 0.00213554653426237 0.0479 0.00213554653426237
logFW 1 50 continuous 0 0 0 -0.00039208491153326 0.00202721907793962 0.0410922160130112 0.000629161548397515 0.9536 0.00210349803898173 0.0464 0.00210349803898173
logFW 4 50 continuous 0 0 0 -0.00136975220407019 0.00157898318796216 0.0249312621118642 0.00035748762512493 0.9498 0.00218357413430367 0.0502 0.00218357413430366
logFW 1 10 binary0.05 0 0 0 0.000736161316029227 0.00714646062649606 0.510668464894629 0.00406891804941546 0.9998 0.0001414072133945 2e-04 0.000141407213394508
logFW 4 10 binary0.05 0 0 0 -0.0335166332591251 0.00705317622624802 0.498546566195277 0.00646649318554342 0.996 0.00063118935352238 0.004 0.00063118935352238
logFW 1 20 binary0.05 0 0 0 0.0158837883563957 0.00742442259302287 0.551417681079617 0.00569664609846624 0.9978 0.00046852534616603 0.0022 0.000468525346166032
logFW 4 20 binary0.05 0 0 0 -0.0656768025752906 0.0070451017245566 0.500598392031722 0.00639894821453083 0.9929 0.00083961836568765 0.0071 0.00083961836568765
logFW 1 30 binary0.05 0 0 0 -0.0182602305455005 0.00744270864603737 0.554217162005594 0.00653246469464275 0.9928 0.000845467917782809 0.0072 0.00084546791778281
logFW 4 30 binary0.05 0 0 0 -0.0745292411446906 0.00698215398356984 0.493010599814153 0.00655954285039323 0.987 0.00113274004078606 0.013 0.00113274004078606
logFW 1 40 binary0.05 0 0 0 -0.00180639541754438 0.00745304559074313 0.555426600952788 0.00713154857095712 0.9848 0.00122347701245262 0.0152 0.00122347701245262
logFW 4 40 binary0.05 0 0 0 -0.0914716544832512 0.00666610860825861 0.452692666340917 0.00627205953019171 0.9829 0.00129644089722594 0.0171 0.00129644089722594
logFW 1 50 binary0.05 0 0 0 0.00962251014910397 0.00721597116542403 0.520742921064008 0.007286747014341 0.9764 0.00151799341237042 0.0236 0.00151799341237042
logFW 4 50 binary0.05 0 0 0 -0.0763005368783613 0.0063678955137889 0.411282154579974 0.00605888075789878 0.9756 0.00154287523798912 0.0244 0.00154287523798913
logFW 1 10 binary0.1 0 0 0 -0.00394245285842674 0.00731532993017181 0.535102548755168 0.00541296734997507 0.999 0.000316069612585582 0.001 0.000316069612585582
logFW 4 10 binary0.1 0 0 0 -0.0465840172938717 0.00724018147425359 0.526319928240699 0.00670533986537756 0.9926 0.000857043756175842 0.0074 0.000857043756175844
logFW 1 20 binary0.1 0 0 0 -0.0136781624981394 0.00738200213616255 0.545072153556852 0.00682653778016704 0.9903 0.000980097444135023 0.0097 0.000980097444135021
logFW 4 20 binary0.1 0 0 0 -0.0550219898518103 0.00678559440511163 0.463424289382647 0.00658890492183349 0.9815 0.00134750695731042 0.0185 0.00134750695731043
logFW 1 30 binary0.1 0 0 0 -0.00204730472696141 0.00718550573053136 0.516267485999046 0.00731442963578822 0.973 0.00162083311910881 0.027 0.00162083311910881
logFW 4 30 binary0.1 0 0 0 -0.0603739481059473 0.00613331884654805 0.37978339674404 0.00583329480005136 0.9725 0.00163535164414263 0.0275 0.00163535164414263
logFW 1 40 binary0.1 0 0 0 0.000342484846871469 0.00673770818344973 0.453921836237554 0.00698216199715308 0.9639 0.00186538977160271 0.0361 0.00186538977160271
logFW 4 40 binary0.1 0 0 0 -0.0609325889681935 0.00560876691623615 0.318263985338697 0.00518224191170438 0.9658 0.00181742565184934 0.0342 0.00181742565184934
logFW 1 50 binary0.1 0 0 0 0.000233974566961229 0.00621329824313201 0.386012200250113 0.00605941305957771 0.9618 0.00191678793819243 0.0382 0.00191678793819243
logFW 4 50 binary0.1 0 0 0 -0.0475195371176077 0.00516118104344145 0.268609366249904 0.00440779343694446 0.9614 0.00192639663620969 0.0386 0.00192639663620969
logFW 1 10 binary0.2 0 0 0 -0.00103236602209613 0.007430476790199 0.552065707091144 0.00662858001230257 0.9946 0.000732860150369766 0.0054 0.000732860150369769
logFW 4 10 binary0.2 0 0 0 -0.0312419846549179 0.00700343395030985 0.491407884481611 0.00687347863976011 0.9852 0.00120751645951515 0.0148 0.00120751645951515
logFW 1 20 binary0.2 0 0 0 -0.000410144114371606 0.00680778700322447 0.463413461067007 0.00685370482374998 0.9734 0.00160911279902933 0.0266 0.00160911279902933
logFW 4 20 binary0.2 0 0 0 -0.0426822530883253 0.00586038430448857 0.345228472587455 0.00557020021029299 0.9683 0.00175200199771575 0.0317 0.00175200199771576
logFW 1 30 binary0.2 0 0 0 -0.0111560307611791 0.0062559118944656 0.391449656901888 0.00625357405471639 0.9604 0.00195017537672897 0.0396 0.00195017537672898
logFW 4 30 binary0.2 0 0 0 -0.046240241401293 0.00503938566743349 0.256066843568283 0.004094976219672 0.9606 0.00194544699233878 0.0394 0.00194544699233878
logFW 1 40 binary0.2 0 0 0 0.00291018897270133 0.00552058144423774 0.304746187204998 0.00497488882322867 0.9606 0.00194544699233878 0.0394 0.00194544699233878
logFW 4 40 binary0.2 0 0 0 -0.0239054746158355 0.00445633366925161 0.199140710523894 0.00305180442272767 0.9598 0.00196428002077097 0.0402 0.00196428002077097
logFW 1 50 binary0.2 0 0 0 -0.00549122290285714 0.00502757131987695 0.252769610820086 0.00418962947644253 0.9629 0.00189006851727656 0.0371 0.00189006851727656
logFW 4 50 binary0.2 0 0 0 -0.0146297407209911 0.00403403728505883 0.162932324029193 0.00243080230921135 0.9564 0.0020420342798298 0.0436 0.0020420342798298
logFW 1 10 continuous 0.5 0 0 -0.0936786729750911 0.00369548811916392 0.145328361526752 0.00213804994587777 0.9731 0.00161791192590944 0.1057 0.00307453264741164
logFW 4 10 continuous 0.5 0 0 -0.0565841694980935 0.0032271349799339 0.10733535562474 0.00155775045433468 0.9658 0.00181742565184934 0.2349 0.0042393630417788
logFW 1 20 continuous 0.5 0 0 -0.0401995758763182 0.00316535721280912 0.101800849261178 0.00155316209260919 0.9628 0.00189251578593152 0.2911 0.00454269512514322
logFW 4 20 continuous 0.5 0 0 -0.0279426396225204 0.00247840343094528 0.0621994842907207 0.000953852885247687 0.9576 0.00201499975186103 0.4796 0.00499583666666555
logFW 1 30 continuous 0.5 0 0 -0.023536890940686 0.00273113925219242 0.0751377422622009 0.00114358785050559 0.9583 0.00199902751356753 0.4344 0.00495677959969979
logFW 4 30 continuous 0.5 0 0 -0.0155117604381625 0.00207922618305677 0.0434681067334588 0.000649495925739469 0.9563 0.00204426783959441 0.6667 0.00471392734352154
logFW 1 40 continuous 0.5 0 0 -0.00950810717019041 0.00237331694724104 0.0564111047892434 0.000908577892442473 0.9627 0.00189495936631897 0.5727 0.00494686476467671
logFW 4 40 continuous 0.5 0 0 -0.0119975670243961 0.00180609018294695 0.0327602971421295 0.000494950215078307 0.9531 0.00211424667434999 0.7937 0.00404648378224848
logFW 1 50 continuous 0.5 0 0 -0.0124185944974414 0.00217289372721242 0.0473641715197328 0.000723867955954587 0.9559 0.0020531729103999 0.6624 0.00472891361731212
logFW 4 50 continuous 0.5 0 0 -0.0126776732090071 0.00162346301865305 0.0265144094951621 0.000394422890750532 0.9533 0.00210995521279481 0.8754 0.00330264802847654
logFW 1 10 binary0.05 0.5 0 0 -0.269327764773657 0.00696523237023778 0.557633550130034 0.00704723779966133 0.9996 0.000199959995999189 3e-04 0.000173179098045925
logFW 4 10 binary0.05 0.5 0 0 -0.299379413873598 0.00763847548113284 0.673032763902277 0.00675863685195453 0.9984 0.000399679871897503 0.0119 0.00108436110221642
logFW 1 20 binary0.05 0.5 0 0 -0.228029064711392 0.00733314311384314 0.589693358646235 0.00757516273568396 0.9967 0.000573507628545599 0.0062 0.000784956049725079
logFW 4 20 binary0.05 0.5 0 0 -0.226499862106244 0.00754678788979964 0.620785308062956 0.00777924763025527 0.9906 0.000964968393264772 0.0323 0.00176795673023974
logFW 1 30 binary0.05 0.5 0 0 -0.173537077281225 0.00733837586550097 0.568578868864662 0.00754725484412394 0.9938 0.000784956049725078 0.0224 0.0014798053926108
logFW 4 30 binary0.05 0.5 0 0 -0.182492801180834 0.00698122843605374 0.520630389696016 0.00757209806476388 0.9781 0.00146357063375841 0.0505 0.00218974313562116
logFW 1 40 binary0.05 0.5 0 0 -0.141089009437691 0.00714593711294529 0.530499216388573 0.00729609179972602 0.9859 0.00117903307841638 0.0342 0.00181742565184934
logFW 4 40 binary0.05 0.5 0 0 -0.171449609459666 0.00664371313023805 0.470740071228687 0.00723590135679864 0.9676 0.00177059989833954 0.0687 0.00252943294040384
logFW 1 50 binary0.05 0.5 0 0 -0.112331263314587 0.00697211943273017 0.498674196111022 0.00717479550026641 0.98 0.0014 0.0565 0.00230884711490389
logFW 4 50 binary0.05 0.5 0 0 -0.136809021713714 0.00600766679773734 0.379601219888265 0.00617065603954046 0.9665 0.00179938183829892 0.089 0.00284743744444018
logFW 1 10 binary0.1 0.5 0 0 -0.237836326431621 0.0071951770271228 0.57422007211441 0.00745212556453405 0.9984 0.000399679871897503 0.003 0.000546900356555013
logFW 4 10 binary0.1 0.5 0 0 -0.225294893522273 0.00764888778843743 0.635754127563898 0.00803144357115188 0.9898 0.00100478654449589 0.0288 0.0016724401334577
logFW 1 20 binary0.1 0.5 0 0 -0.149045686118438 0.00724430078580615 0.54696107540896 0.00748504533613724 0.9895 0.00101930123123638 0.0295 0.0016920328011005
logFW 4 20 binary0.1 0.5 0 0 -0.160704684465987 0.00668121168513545 0.472167252835632 0.00726210844194095 0.9703 0.00169758387127116 0.0598 0.00237115921017548
logFW 1 30 binary0.1 0.5 0 0 -0.101568449637662 0.00686971356244743 0.482198601298121 0.00714946717899005 0.975 0.0015612494995996 0.0623 0.0024169962763728
logFW 4 30 binary0.1 0.5 0 0 -0.120804641194992 0.00580133420156735 0.351114891038478 0.00567731840658762 0.9659 0.00181486060070739 0.0913 0.00288035258258429
logFW 1 40 binary0.1 0.5 0 0 -0.0587345143572275 0.00644503289838547 0.418792695340429 0.00634495458999986 0.969 0.0017331762749357 0.0886 0.00284165515149182
logFW 4 40 binary0.1 0.5 0 0 -0.105319761123389 0.0052212091041813 0.283675236154433 0.00460698136768207 0.9607 0.00194307771331977 0.1159 0.00320104967159212
logFW 1 50 binary0.1 0.5 0 0 -0.0551192877689128 0.00594253214037318 0.35613970458961 0.00574492997745388 0.9648 0.00184284996676344 0.0993 0.00299064391059852
logFW 4 50 binary0.1 0.5 0 0 -0.0755313299048656 0.00470468638685979 0.227023587710237 0.00363695439008447 0.9614 0.00192639663620969 0.1482 0.00355298128337316
logFW 1 10 binary0.2 0.5 0 0 -0.184193754825873 0.00728169733904149 0.564105477574774 0.00748621356448917 0.9937 0.000791221208006963 0.016 0.00125475097130865
logFW 4 10 binary0.2 0.5 0 0 -0.167510657399904 0.00703775951149083 0.523310879699406 0.00793732466624216 0.9738 0.00159729646590732 0.0484 0.00214609971809327
logFW 1 20 binary0.2 0.5 0 0 -0.0898450061996966 0.00674851563945968 0.463451216035991 0.00682341893822337 0.9748 0.00156732128167775 0.0695 0.00254302477376844
logFW 4 20 binary0.2 0.5 0 0 -0.092191004949028 0.0056824425069748 0.331368419691406 0.00530599442171066 0.9612 0.00193117995018589 0.0976 0.00296773044598056
logFW 1 30 binary0.2 0.5 0 0 -0.0470949182813131 0.00593916934309003 0.354919982454458 0.00570671643399328 0.9633 0.00188024227162353 0.1006 0.00300798337761365
logFW 4 30 binary0.2 0.5 0 0 -0.069064572563837 0.00474252375154141 0.229662738991237 0.00346354075126698 0.9611 0.00193356639399841 0.1379 0.00344794997063472
logFW 1 40 binary0.2 0.5 0 0 -0.0365457446691807 0.00543051994573851 0.296211569717176 0.00467692632675277 0.9602 0.00195489027825093 0.1228 0.00328207495344028
logFW 4 40 binary0.2 0.5 0 0 -0.0517070536338193 0.00417144990350325 0.176666161375565 0.00266389714855947 0.9561 0.00204872618961149 0.1798 0.00384020780687712
logFW 1 50 binary0.2 0.5 0 0 -0.0327047802108039 0.00495533372474654 0.24659837055242 0.00390001997808914 0.9532 0.00211210227025113 0.1443 0.00351393668127358
logFW 4 50 binary0.2 0.5 0 0 -0.0467768800954139 0.0037206578280907 0.140607179954113 0.00215031186094811 0.9581 0.00200360649829252 0.2171 0.00412271257790305
logFW 1 10 continuous 1 0 1e-04 -0.280617553082844 0.00313849351895078 0.177227926500026 0.00243902469886427 0.955795579557956 0.00205559273974537 0.397539753975398 0.00489413782570163
logFW 4 10 continuous 1 0 0 -0.15570403031941 0.00327738086323681 0.131645257059493 0.00175510830969433 0.9498 0.00218357413430367 0.7203 0.0044885176840467
logFW 1 20 continuous 1 0 0 -0.153580219352229 0.00301117541685891 0.114249590509842 0.00140149551553477 0.9588 0.0019875250941812 0.8105 0.00391905281924089
logFW 4 20 continuous 1 0 0 -0.0778935904184571 0.00268688967677385 0.0782539534036823 0.00109567177694526 0.9572 0.00202405928766921 0.9686 0.00174396215555269
logFW 1 30 continuous 1 0 0 -0.100993264275207 0.00286281389168918 0.0921484775100688 0.00116725682137267 0.9575 0.00201726919373692 0.9518 0.00214188608473934
logFW 4 30 continuous 1 0 0 -0.0522744614397577 0.00233836428672984 0.0574066267458146 0.000831806766369023 0.9528 0.00212066404694379 0.9969 0.000555912762940373
logFW 1 40 continuous 1 0 1e-04 -0.0722648175164488 0.00268769352197148 0.077444721138224 0.00105862436787632 0.956595659565957 0.00203775749590429 0.988098809880988 0.00108446889607538
logFW 4 40 continuous 1 0 0 -0.0375908385281988 0.00206447907286543 0.0440295474904039 0.000644070661172409 0.9563 0.00204426783959441 0.9999 9.99949998749882e-05
logFW 1 50 continuous 1 0 0 -0.0579227389361271 0.00252773916494799 0.0672433070806964 0.000993913312910854 0.9571 0.00202631660902239 0.9977 0.00047903131421651
logFW 4 50 continuous 1 0 0 -0.0308703747192127 0.00186198187204439 0.0356192779770324 0.000522362153532197 0.9525 0.00212705782714058 1 0
logFW 1 10 binary0.05 1 0 0 -0.558044756699596 0.00666554677681223 0.755664659304815 0.0112837574997208 0.9705 0.0016920328011005 0.0023 0.000479031314216513
logFW 4 10 binary0.05 1 0 0 -0.488182233717278 0.00817544482919139 0.906634036970549 0.0103355494402229 0.9888 0.00105235735375394 0.0345 0.00182509588789192
logFW 1 20 binary0.05 1 0 0 -0.432157268240321 0.00694186203511438 0.668606200190066 0.00991293858159712 0.9624 0.00190226811990318 0.0295 0.0016920328011005
logFW 4 20 binary0.05 1 0 0 -0.342228924629101 0.007675359733732 0.706173196127706 0.00981570062151654 0.9676 0.00177059989833954 0.1043 0.00305649325207827
logFW 1 30 binary0.05 1 0 0 -0.330719563625018 0.00696849104115019 0.594925543802819 0.00862190645995591 0.9619 0.0019143769221342 0.0772 0.00266908523655578
logFW 4 30 binary0.05 1 0 0 -0.246032151390045 0.00700854591913443 0.55167985880787 0.00864907205004157 0.9559 0.0020531729103999 0.19 0.00392300904918661
logFW 1 40 binary0.05 1 0 0 -0.248288201564588 0.00683659146221183 0.528990120265244 0.00770234950007704 0.9621 0.00190954418644869 0.1374 0.00344269138901529
logFW 4 40 binary0.05 1 0 0 -0.197136627454856 0.0063496930561805 0.44200855035943 0.00727292154834816 0.952 0.00213766227454198 0.255 0.0043586121644395
logFW 1 50 binary0.05 1 0 0 -0.197315615004208 0.00661601536667945 0.476606273586536 0.00668387456046586 0.9667 0.0017941881172274 0.184 0.00387484193225995
logFW 4 50 binary0.05 1 0 0 -0.166885147936498 0.00569613003496233 0.352277180456415 0.00573883119833266 0.9562 0.00204649847300212 0.3179 0.00465660380534999
logFW 1 10 binary0.1 1 0 0 -0.465747891846111 0.00690704875141162 0.69394661598039 0.010503647966395 0.9601 0.0019572427033968 0.0135 0.0011540255629751
logFW 4 10 binary0.1 1 0 0 -0.372039062070509 0.00781727286602503 0.749449504570158 0.0102040628460146 0.9677 0.00176795673023974 0.0793 0.00270206421093208
logFW 1 20 binary0.1 1 0 0 -0.292152604040592 0.00694671591403104 0.56787350708822 0.00824238628759649 0.9605 0.00194781287602275 0.1039 0.00305130775242354
logFW 4 20 binary0.1 1 0 0 -0.214784251975975 0.0065846878109786 0.479670052463818 0.00758279644896424 0.9593 0.00197594306598141 0.2157 0.00411307075066792
logFW 1 30 binary0.1 1 0 0 -0.182869536503337 0.00652871967915931 0.459640449690722 0.00643168914849085 0.9691 0.00173046785581241 0.1954 0.00396508310127291
logFW 4 30 binary0.1 1 0 0 -0.146809685737313 0.00555536780790305 0.330143336525664 0.00508771710205763 0.9528 0.00212066404694379 0.327 0.0046911725613113
logFW 1 40 binary0.1 1 0 0 -0.137546112533327 0.00603412536724771 0.382989211880698 0.00528108260539481 0.9701 0.00170311449996763 0.2695 0.00443700067613247
logFW 4 40 binary0.1 1 0 0 -0.120012191002703 0.00491717331285296 0.256164681282214 0.00411265193546625 0.9536 0.00210349803898173 0.431 0.00495216114438939
logFW 1 50 binary0.1 1 0 0 -0.105544632152367 0.00581260071851054 0.34896915417735 0.0051836163373664 0.9607 0.00194307771331977 0.3335 0.00471463413214642
logFW 4 50 binary0.1 1 0 0 -0.0968799285628765 0.00440422680670788 0.203338460993826 0.00319160532489327 0.9513 0.00215240121724552 0.5363 0.00498680569102106
logFW 1 10 binary0.2 1 0 0 -0.351162861564257 0.00701616521680971 0.61553187226336 0.0090388982186034 0.9585 0.00199443601050522 0.0554 0.00228759349535707
logFW 4 10 binary0.2 1 0 0 -0.24456114772863 0.00697609669556187 0.546420740111533 0.00800133124265936 0.9668 0.00179158477332221 0.1502 0.00357267350873264
logFW 1 20 binary0.2 1 0 0 -0.180409505899795 0.00641362706052694 0.443852575922178 0.00618677006414197 0.9707 0.00168646108760327 0.1991 0.00399323415291415
logFW 4 20 binary0.2 1 0 0 -0.143854943242935 0.00561837020350078 0.336323516047539 0.00528169177112759 0.9518 0.00214188608473934 0.3267 0.00469006513814041
logFW 1 30 binary0.2 1 0 0 -0.120459600366901 0.00589205601803537 0.361639040193109 0.00529217022396739 0.9608 0.00194070502653031 0.309 0.00462081161702141
logFW 4 30 binary0.2 1 0 0 -0.0867646297096671 0.00465587433178278 0.2242780817364 0.00344345571404136 0.952 0.00213766227454198 0.4991 0.00499999189999344
logFW 1 40 binary0.2 1 0 0 -0.0903514623393132 0.00540477057206476 0.300249624568478 0.00456798210601968 0.9527 0.00212279791784334 0.3972 0.00489318056073961
logFW 4 40 binary0.2 1 0 0 -0.0736829067761129 0.00403746414152198 0.168424036575041 0.00248887587982077 0.9525 0.00212705782714058 0.6207 0.00485212850200816
logFW 1 50 binary0.2 1 0 0 -0.0697526139357225 0.00488398843723494 0.243375004358254 0.00371749251346756 0.9567 0.00203531594598971 0.495 0.00499974999374969
logFW 4 50 binary0.2 1 0 0 -0.0607826287447408 0.00367719649991893 0.138898747173182 0.0020779700300968 0.9506 0.0021670173049609 0.7235 0.00447266978436817
logFW 1 10 continuous 1.5 0 1e-04 -0.57585667053837 0.00248046823654215 0.393125826283138 0.00330677007683498 0.913091309130913 0.00281715293640895 0.737573757375738 0.004399750761272
logFW 4 10 continuous 1.5 0 0 -0.329632747111804 0.00304842715155107 0.201577536043513 0.00231140464488876 0.9275 0.00259313998850814 0.9641 0.00186040828852164
logFW 1 20 continuous 1.5 0 3e-04 -0.373249526462827 0.0027024514494585 0.212318434396182 0.00223110056499599 0.929778933680104 0.00255557549415218 0.986896068820646 0.00113736972865905
logFW 4 20 continuous 1.5 0 0 -0.182863948695215 0.00290366419855484 0.117743450246319 0.00140609478345404 0.9362 0.00244396317484532 0.9999 9.99949998749882e-05
logFW 1 30 continuous 1.5 0 5e-04 -0.275245975502206 0.00279162924921984 0.153645526517967 0.00171011082041918 0.936868434217109 0.00243260270007607 0.999399699849925 0.000244997940758644
logFW 4 30 continuous 1.5 0 0 -0.127205732211127 0.00266395262669267 0.0871406376363995 0.0010959492570921 0.9395 0.00238410884818626 1 0
logFW 1 40 continuous 1.5 0 3e-04 -0.215157652129229 0.00280494899548924 0.124938732987254 0.00140231774090799 0.938981694508353 0.00239399802769855 1 0
logFW 4 40 continuous 1.5 0 0 -0.0978452045049606 0.00247138437056973 0.0706449833748738 0.000943848214913415 0.9413 0.00235062353429893 1 0
logFW 1 50 continuous 1.5 0 9e-04 -0.178569949272922 0.00275617309887482 0.107776163391437 0.00123501668257924 0.943849464518066 0.00230315856382831 1 0
logFW 4 50 continuous 1.5 0 0 -0.0787514702000609 0.00225980877018503 0.057264044101045 0.000778860465224172 0.9471 0.00223833844625874 1 0
logFW 1 10 binary0.05 1.5 0 0 -0.843501589602688 0.00622891209503419 1.09944959119301 0.0144916757957543 0.9685 0.00174664678741868 0.0092 0.000954743944730732
logFW 4 10 binary0.05 1.5 0 0 -0.64621626735965 0.0083231977175772 1.11028239103881 0.0142039976317633 0.9542 0.00209051094232965 0.0904 0.00286753971201795
logFW 1 20 binary0.05 1.5 0 0 -0.611692757484603 0.00646370915437296 0.791921610346336 0.0115782847498033 0.9532 0.00211210227025113 0.0927 0.00290011568734766
logFW 4 20 binary0.05 1.5 0 0 -0.406993018917493 0.00761608500587717 0.745632820864236 0.0107759041210652 0.9453 0.00227393733422889 0.2807 0.00449341195529633
logFW 1 30 binary0.05 1.5 0 0 -0.450761901179563 0.00650320914264404 0.626061291355551 0.00922673269364348 0.9543 0.00208833689810816 0.2316 0.00421854761736785
logFW 4 30 binary0.05 1.5 0 0 -0.28839148932666 0.00678893748150939 0.544020282722347 0.00816086791201362 0.9454 0.00227197799285116 0.4462 0.00497097133365301
logFW 1 40 binary0.05 1.5 0 0 -0.339021696126973 0.00648902070831629 0.535967500584629 0.00740615929453159 0.9508 0.00216285367050108 0.3682 0.0048231603746921
logFW 4 40 binary0.05 1.5 0 0 -0.213547368514402 0.00594407694906713 0.398887654312959 0.00615834362359063 0.9471 0.00223833844625874 0.5882 0.00492159283159426
logFW 1 50 binary0.05 1.5 0 0 -0.281637282499548 0.00614760811458934 0.457212621113834 0.00595460898479247 0.9561 0.00204872618961149 0.4628 0.00498614239668303
logFW 4 50 binary0.05 1.5 0 0 -0.16804583327224 0.00539651752142602 0.319434293269385 0.0050298226244604 0.9487 0.00220608952674183 0.6941 0.00460787575787369
logFW 1 10 binary0.1 1.5 0 0 -0.678133735840999 0.00646132088377625 0.877310290649294 0.0124602660331284 0.9568 0.00203307058411655 0.0509 0.00219793516737869
logFW 4 10 binary0.1 1.5 0 0 -0.455413371297764 0.00779156523108217 0.814425517770127 0.0115055215360479 0.9494 0.00219179469841498 0.2159 0.00411445245445855
logFW 1 20 binary0.1 1.5 0 0 -0.422539395934739 0.0064675742787965 0.596792882117335 0.00833839402871231 0.951 0.0021586801523153 0.2733 0.00445653576222608
logFW 4 20 binary0.1 1.5 0 0 -0.245961446480423 0.00643092519488874 0.474023664978431 0.00721061456081268 0.9485 0.00221015270965605 0.5002 0.00499999959999998
logFW 1 30 binary0.1 1.5 0 0 -0.289436724650398 0.00621322161887422 0.469776242305928 0.00613871037983665 0.9535 0.00210565310533335 0.4577 0.00498207496932754
logFW 4 30 binary0.1 1.5 0 0 -0.170836641126575 0.00541511732425154 0.322390790809865 0.00483459281997596 0.9463 0.00225424732449658 0.6957 0.00460110323726821
logFW 1 40 binary0.1 1.5 0 0 -0.203355916521828 0.0059532862772507 0.395734362155941 0.00503911587101865 0.9538 0.00209917983984222 0.5967 0.00490559996330724
logFW 4 40 binary0.1 1.5 0 0 -0.126507459728499 0.00476530137830665 0.243062401530645 0.00363668284741304 0.9461 0.00225820260384227 0.8249 0.00380052614778533
logFW 1 50 binary0.1 1.5 0 0 -0.148905180324506 0.00564374027532444 0.340658943876364 0.0045662240374754 0.959 0.00198290191386261 0.7063 0.00455456155957958
logFW 4 50 binary0.1 1.5 0 0 -0.105895404541554 0.00427405080713798 0.193870672212686 0.00287023380056229 0.9491 0.00219793516737869 0.9012 0.00298393297511858
logFW 1 10 binary0.2 1.5 0 0 -0.529159939044999 0.00649295966681837 0.701553334914174 0.0101410206060919 0.9518 0.00214188608473934 0.1526 0.00359601501665385
logFW 4 10 binary0.2 1.5 0 0 -0.311338085240923 0.00700283319585794 0.587279091338816 0.00836574966761946 0.9521 0.00213554653426237 0.3579 0.00479382509067655
logFW 1 20 binary0.2 1.5 0 0 -0.278081509040467 0.00626090644529942 0.469279621888611 0.00615464402868402 0.9539 0.00209701669044383 0.4587 0.00498291390654103
logFW 4 20 binary0.2 1.5 0 0 -0.171290943456502 0.00552974714678406 0.335091044280376 0.00496940230375569 0.9484 0.00221218082443547 0.6786 0.00467013961247413
logFW 1 30 binary0.2 1.5 0 0 -0.172737753599319 0.00584150707594184 0.3710362574964 0.00482190533345063 0.9563 0.00204426783959441 0.6485 0.00477438739525816
logFW 4 30 binary0.2 1.5 0 0 -0.120208225074049 0.00463672685893498 0.229420877783179 0.00333712668384409 0.9471 0.00223833844625874 0.8587 0.00348330747996785
logFW 1 40 binary0.2 1.5 0 0 -0.127586632229555 0.00541527123145461 0.309500648663365 0.00423478318176243 0.9584 0.0019967333322204 0.7755 0.00417252621321904
logFW 4 40 binary0.2 1.5 0 0 -0.0900758830325942 0.00412570431281898 0.178311004036156 0.0026715692813314 0.9476 0.00222832313635164 0.9413 0.00235062353429893
logFW 1 50 binary0.2 1.5 0 0 -0.105366017051975 0.00504615060308879 0.265712893004011 0.00396809369274392 0.9554 0.0020642393272099 0.8713 0.00334867600702128
logFW 4 50 binary0.2 1.5 0 0 -0.0708627233724953 0.00370658211792863 0.142395296782252 0.00211807981458541 0.9473 0.00223433905215838 0.9803 0.00138967298311509
logFW 1 10 continuous 0 1 0 0.00100302575961671 0.00410332281842677 0.168356750324741 0.00239452243806407 0.9793 0.00142378053084034 0.0207 0.00142378053084034
logFW 4 10 continuous 0 1 0 0.00147334505815361 0.00330390171574987 0.109148920452463 0.00168522367699211 0.9658 0.00181742565184934 0.0342 0.00181742565184934
logFW 1 20 continuous 0 1 0 -0.00259324335784933 0.00328548415731596 0.107939991984707 0.00169838803380446 0.9595 0.00197128765024286 0.0405 0.00197128765024286
logFW 4 20 continuous 0 1 0 -0.00402041326087467 0.002447485357416 0.0599120192858708 0.000915044578248807 0.9545 0.0020839805661282 0.0455 0.0020839805661282
logFW 1 30 continuous 0 1 0 -0.00313206295030211 0.00267130804569144 0.0713615406814077 0.00113534156720696 0.9547 0.00207961318518613 0.0453 0.00207961318518613
logFW 4 30 continuous 0 1 0 6.47175838473971e-05 0.00203801226299654 0.0415307905356245 0.000629818945817579 0.9512 0.00215449669296567 0.0488 0.00215449669296567
logFW 1 40 continuous 0 1 0 0.00445232135800771 0.00231470047516535 0.053592848224492 0.000839241102627247 0.9553 0.00206644404714959 0.0447 0.0020664440471496
logFW 4 40 continuous 0 1 0 -0.00144800538358403 0.00174539350133391 0.0304630350661027 0.000447154866353993 0.9537 0.00210134028657902 0.0463 0.00210134028657902
logFW 1 50 continuous 0 1 0 0.00283351279643686 0.00211918744585606 0.0449130921460761 0.000699254911494359 0.9503 0.00217324434889407 0.0497 0.00217324434889407
logFW 4 50 continuous 0 1 0 0.000451006831434463 0.0015846784777853 0.0251097509808436 0.000356453062993263 0.9513 0.00215240121724552 0.0487 0.00215240121724552
logFW 1 10 binary0.05 0 1 0 0.00829078299345249 0.00711161628731707 0.50576902417676 0.00481380953733205 1 0 0 0
logFW 4 10 binary0.05 0 1 0 -0.0364890648841627 0.00704661059390984 0.497829005757282 0.00663977400832901 0.9954 0.0006766712643522 0.0046 0.000676671264352196
logFW 1 20 binary0.05 0 1 0 -0.00163116292416878 0.00746140396134853 0.556672478887686 0.00613319369779673 0.9983 0.000411959949509662 0.0017 0.000411959949509658
logFW 4 20 binary0.05 0 1 0 -0.0545297593158022 0.00722059048706922 0.524290627543603 0.00683791988756295 0.9891 0.00103832509360027 0.0109 0.00103832509360027
logFW 1 30 binary0.05 0 1 0 0.0108283889205139 0.00750667170091983 0.563562104140499 0.0067965641362286 0.9953 0.000683952483729684 0.0047 0.000683952483729681
logFW 4 30 binary0.05 0 1 0 -0.0708565500946185 0.00692480866352072 0.484502447980001 0.00638638746307045 0.9871 0.00112843209809009 0.0129 0.00112843209809009
logFW 1 40 binary0.05 0 1 0 -0.00263844233246403 0.00748454263419105 0.560134727429734 0.00721664849128175 0.9901 0.000990049998737438 0.0099 0.000990049998737437
logFW 4 40 binary0.05 0 1 0 -0.0796673821944438 0.00666765912180505 0.450879215753452 0.0063387260064167 0.9836 0.00127008031242123 0.0164 0.00127008031242123
logFW 1 50 binary0.05 0 1 0 -0.0028402398195583 0.00724715337261424 0.525167865792167 0.00734093975832305 0.9837 0.00126626655961531 0.0163 0.00126626655961531
logFW 4 50 binary0.05 0 1 0 -0.0681017040259037 0.00640745254386825 0.415151267662367 0.00605798631986746 0.9768 0.00150538234345963 0.0232 0.00150538234345963
logFW 1 10 binary0.1 0 1 0 -0.00288938396775033 0.00739034857737182 0.54612625223824 0.00611574416239445 0.9991 0.000299864969611326 9e-04 0.000299864969611324
logFW 4 10 binary0.1 0 1 0 -0.0437708285915236 0.00734985648051146 0.542065767886469 0.0072430483073659 0.9918 0.000901818163489735 0.0082 0.000901818163489736
logFW 1 20 binary0.1 0 1 0 0.00847905294796126 0.00761178488956289 0.579406647119466 0.00754172854168447 0.9915 0.000918027777357524 0.0085 0.000918027777357526
logFW 4 20 binary0.1 0 1 0 -0.0645270490237038 0.00689296407516821 0.47924576451756 0.00661452788121884 0.983 0.00129271033104869 0.017 0.00129271033104868
logFW 1 30 binary0.1 0 1 0 -0.00301499294157044 0.00716865756995519 0.513854214083841 0.00739910477088183 0.9817 0.00134033988226867 0.0183 0.00134033988226867
logFW 4 30 binary0.1 0 1 0 -0.0608170667701194 0.0061689232935024 0.384216806007085 0.00586739497136596 0.972 0.0016497272501841 0.028 0.0016497272501841
logFW 1 40 binary0.1 0 1 0 0.0065226381681698 0.00685501901381358 0.469908410320449 0.00723497130972351 0.9735 0.00160616779945309 0.0265 0.0016061677994531
logFW 4 40 binary0.1 0 1 0 -0.0666331967310647 0.00566571567849522 0.325411224067918 0.0054061668022405 0.9663 0.00180455839473263 0.0337 0.00180455839473263
logFW 1 50 binary0.1 0 1 0 -0.00132744749965624 0.00637700598182276 0.406623148833605 0.00664443399750464 0.9675 0.00177323856263053 0.0325 0.00177323856263053
logFW 4 50 binary0.1 0 1 0 -0.0529516068015019 0.00518114499077744 0.271219662554027 0.00446001645333681 0.9647 0.00184537015257102 0.0353 0.00184537015257102
logFW 1 10 binary0.2 0 1 0 -0.00267682153941752 0.00763412391881024 0.582747365603048 0.00722146942271266 0.9965 0.000590571756859397 0.0035 0.000590571756859401
logFW 4 10 binary0.2 0 1 0 -0.0501647699398383 0.0071444913932953 0.512903033074555 0.00737648166910617 0.9861 0.00117076000956644 0.0139 0.00117076000956644
logFW 1 20 binary0.2 0 1 0 -0.0102353113476854 0.0072866094136991 0.53099843439972 0.00789624924161326 0.9757 0.00153978927129656 0.0243 0.00153978927129656
logFW 4 20 binary0.2 0 1 0 -0.045294894212365 0.00590848614839638 0.351118802891062 0.00567112384006175 0.9704 0.00169481090390639 0.0296 0.00169481090390639
logFW 1 30 binary0.2 0 1 0 -0.00868830702929345 0.00638425143223134 0.407621391512164 0.00659213963293973 0.9662 0.00180714028232454 0.0338 0.00180714028232453
logFW 4 30 binary0.2 0 1 0 -0.0265050059779096 0.00501714731041211 0.252395014918509 0.00400363605352655 0.9647 0.00184537015257102 0.0353 0.00184537015257102
logFW 1 40 binary0.2 0 1 0 0.00568734997290822 0.00575032489030298 0.33066164315375 0.00540319584039496 0.9639 0.00186538977160271 0.0361 0.00186538977160271
logFW 4 40 binary0.2 0 1 0 -0.0263639578547513 0.0044535501668975 0.199016315055406 0.00310832973957377 0.9613 0.00192879003522934 0.0387 0.00192879003522934
logFW 1 50 binary0.2 0 1 0 -0.0050022973023895 0.00521171669653729 0.271617770237031 0.00430927990897212 0.9585 0.00199443601050522 0.0415 0.00199443601050523
logFW 4 50 binary0.2 0 1 0 -0.0129017982984298 0.00398981518943369 0.159336790232445 0.00243519703978173 0.9585 0.00199443601050522 0.0415 0.00199443601050523
logFW 1 10 continuous 0.5 1 0 -0.0901954883108763 0.00387403590270027 0.158201759711569 0.00233406452392149 0.972 0.0016497272501841 0.1019 0.00302516759866292
logFW 4 10 continuous 0.5 1 0 -0.0537720199697183 0.0033156023609827 0.112812627074149 0.00165923154900541 0.9643 0.00185541127516246 0.2252 0.00417713969122413
logFW 1 20 continuous 0.5 1 0 -0.0275812864744699 0.00324703091029765 0.106182281478138 0.00157100484619539 0.9661 0.00180971793382284 0.2853 0.00451557205678306
logFW 4 20 continuous 0.5 1 0 -0.0219324865068311 0.00252860272189525 0.0644129573844077 0.000949947437287848 0.9579 0.00200817305031215 0.4747 0.00499359499759442
logFW 1 30 continuous 0.5 1 0 -0.0141411518772987 0.0028138706064086 0.07937073220473 0.00123331003538018 0.9609 0.00193832891945614 0.4324 0.00495409164226905
logFW 4 30 continuous 0.5 1 0 -0.0167476640586938 0.00209592712863685 0.0442051966264535 0.000662681110855842 0.9548 0.00207742532958468 0.6543 0.00475595952463854
logFW 1 40 continuous 0.5 1 0 -0.00513514200807762 0.00245968898172834 0.0605210184819141 0.000991534996667845 0.9596 0.00196895505281355 0.5693 0.00495174221865396
logFW 4 40 continuous 0.5 1 0 -0.0149409428833648 0.00183756636469423 0.0339863565706551 0.000501978583189404 0.9524 0.00212918388120895 0.7868 0.00409567772169637
logFW 1 50 continuous 0.5 1 0 -0.00187321136764087 0.00220799126776355 0.0487508880805905 0.000775874144030419 0.9583 0.00199902751356753 0.6747 0.00468486830124391
logFW 4 50 continuous 0.5 1 0 -0.00958014441177156 0.00166197501729593 0.0277106265871505 0.000402904276151712 0.9511 0.00215658966889856 0.8704 0.00335862829143089
logFW 1 10 binary0.05 0.5 1 0 -0.291258549498375 0.00707627530290203 0.585518190608346 0.00764512453205944 0.9982 0.000423882059068324 5e-04 0.000223550889061082
logFW 4 10 binary0.05 0.5 1 0 -0.292549848145007 0.00761674855175182 0.665675983797301 0.00686019139491137 0.9986 0.000373903730925483 0.0115 0.00106619651096784
logFW 1 20 binary0.05 0.5 1 0 -0.222695002683576 0.00740534367783433 0.59792937497366 0.00776937670852102 0.9942 0.000759365524632244 0.0047 0.000683952483729681
logFW 4 20 binary0.05 0.5 1 0 -0.225052265991025 0.00766038880020863 0.637405406574744 0.00799985447881649 0.99 0.00099498743710662 0.0341 0.00181486060070739
logFW 1 30 binary0.05 0.5 1 0 -0.191029436559238 0.00737435839393188 0.580249481691954 0.00803694689315302 0.9882 0.00107984998958189 0.0135 0.0011540255629751
logFW 4 30 binary0.05 0.5 1 0 -0.193830516566482 0.00713226636322562 0.546211634688949 0.00797856543683848 0.9752 0.00155515143957108 0.0498 0.00217531514958178
logFW 1 40 binary0.05 0.5 1 0 -0.141209767764076 0.00726458800484435 0.547629813074387 0.0075783157433578 0.9855 0.00119539742345381 0.031 0.0017331762749357
logFW 4 40 binary0.05 0.5 1 0 -0.158338627432278 0.00657639975236917 0.457518208933048 0.0070987829224787 0.9697 0.00171411522366497 0.073 0.00260136502628908
logFW 1 50 binary0.05 0.5 1 0 -0.118478914896313 0.00704528180380774 0.510347574229956 0.00746846791648398 0.9764 0.00151799341237042 0.0409 0.0019805855194866
logFW 4 50 binary0.05 0.5 1 0 -0.13481495928886 0.00599507158503157 0.377547965461277 0.00605003590752814 0.9664 0.00180197225283854 0.0873 0.00282274175226853
logFW 1 10 binary0.1 0.5 1 0 -0.243458667235138 0.0073434072663875 0.598474499821955 0.00794462035653867 0.9942 0.000759365524632244 0.002 0.000446766158073773
logFW 4 10 binary0.1 0.5 1 0 -0.220749985943852 0.00772372389914023 0.64523000908484 0.00822202298109155 0.992 0.000890842298052804 0.0262 0.00159729646590732
logFW 1 20 binary0.1 0.5 1 0 -0.146046592295673 0.00750988662142012 0.585257179389961 0.00830567403577928 0.9824 0.00131492357192348 0.0244 0.00154287523798913
logFW 4 20 binary0.1 0.5 1 0 -0.151742007769854 0.00674699358883115 0.478199339876824 0.00733649584549765 0.9693 0.00172503652135252 0.0605 0.00238410884818626
logFW 1 30 binary0.1 0.5 1 0 -0.090200521718551 0.00701464554912539 0.500139450664768 0.00737225345133238 0.9777 0.00147657407535145 0.0497 0.00217324434889407
logFW 4 30 binary0.1 0.5 1 0 -0.114621445442608 0.00601417179288924 0.374804529036844 0.00608538913539867 0.9595 0.00197128765024286 0.0959 0.0029445405414088
logFW 1 40 binary0.1 0.5 1 0 -0.0592944666145688 0.00653126942112959 0.43004797880468 0.00660945569042141 0.9698 0.0017113725485703 0.0757 0.00264517504146701
logFW 4 40 binary0.1 0.5 1 0 -0.0849466873462927 0.00521285007933053 0.278926825380923 0.00451607530978526 0.9604 0.00195017537672897 0.1195 0.00324375939304998
logFW 1 50 binary0.1 0.5 1 0 -0.0499835963475455 0.00608478335625983 0.372707220241508 0.00587217639737444 0.9639 0.00186538977160271 0.0885 0.00284020685866364
logFW 4 50 binary0.1 0.5 1 0 -0.0800044235179828 0.00479361257474924 0.23616494422887 0.00367713472082883 0.9569 0.00203082224726833 0.1457 0.00352805201208826
logFW 1 10 binary0.2 0.5 1 0 -0.177638783343654 0.00767060503897577 0.619878515805757 0.00822577480536184 0.9878 0.00109777775528565 0.013 0.00113274004078606
logFW 4 10 binary0.2 0.5 1 0 -0.147011516960601 0.00730904755863437 0.555780726086634 0.00830844474437214 0.9718 0.00165543831053893 0.0498 0.00217531514958178
logFW 1 20 binary0.2 0.5 1 0 -0.0876241958311781 0.00697129114657797 0.493618403298374 0.00718830948830746 0.9767 0.00150854598869242 0.0526 0.00223233599621562
logFW 4 20 binary0.2 0.5 1 0 -0.0911888467804934 0.00577835254135144 0.34217559734049 0.00548490136548817 0.9617 0.00191919540432964 0.0969 0.00295821550939075
logFW 1 30 binary0.2 0.5 1 0 -0.0479951831161163 0.00625244665667269 0.393195336458529 0.00616497442733112 0.9622 0.00190712243969809 0.0933 0.00290852385240348
logFW 4 30 binary0.2 0.5 1 0 -0.0612103023097366 0.00487747039293884 0.241620085731365 0.00382197342970994 0.9587 0.00198983190244804 0.1475 0.0035460365198345
logFW 1 40 binary0.2 0.5 1 0 -0.0421397270889037 0.00543867122371755 0.297537624251381 0.00461794267809643 0.9614 0.00192639663620969 0.113 0.00316592798401985
logFW 4 40 binary0.2 0.5 1 0 -0.0499506861575881 0.00420776196758023 0.179529973544985 0.00271630704570407 0.9554 0.0020642393272099 0.1801 0.00384270724880259
logFW 1 50 binary0.2 0.5 1 0 -0.0257273969606235 0.00502528370424819 0.253171408559886 0.0038431192135642 0.9575 0.00201726919373692 0.1426 0.00349664467740147
logFW 4 50 binary0.2 0.5 1 0 -0.0346605265157742 0.00381539672743202 0.146759316723152 0.00222254754556904 0.9564 0.0020420342798298 0.225 0.00417582327212252
logFW 1 10 continuous 1 1 0 -0.277195463095815 0.00315254863397849 0.176213015094011 0.00254520876649387 0.9615 0.00192399974012472 0.362 0.00480578817677184
logFW 4 10 continuous 1 1 0 -0.148504358579637 0.00331859990679899 0.13217358482587 0.00174126121256988 0.9548 0.00207742532958468 0.711 0.00453297915283095
logFW 1 20 continuous 1 1 0 -0.13604359328047 0.0030431091192271 0.111103729874782 0.00141321539706306 0.9623 0.00190469708877816 0.7961 0.00402895507545071
logFW 4 20 continuous 1 1 0 -0.0713548697427603 0.00274507843048924 0.0804385378757896 0.0011499038632386 0.9539 0.00209701669044383 0.963 0.00188761754600873
logFW 1 30 continuous 1 1 2e-04 -0.0808177101400221 0.00291274121758629 0.0913466640943354 0.00118733348955009 0.963292658531706 0.00188061122903734 0.945189037807561 0.00227633661906108
logFW 4 30 continuous 1 1 0 -0.0457552298455339 0.00236362826834355 0.0579553402287543 0.00088204049892892 0.9526 0.00212492917529032 0.9965 0.000590571756859397
logFW 1 40 continuous 1 1 0 -0.055067464766647 0.00273362914753549 0.0777522361100657 0.00110609261170729 0.9634 0.00187777634450964 0.9868 0.00114130451677017
logFW 4 40 continuous 1 1 0 -0.0305944663623075 0.00210837241339621 0.0453839184734623 0.000666491609781289 0.9525 0.00212705782714058 0.9995 0.000223550889061069
logFW 1 50 continuous 1 1 1e-04 -0.0422690064205102 0.00258679206875491 0.0686882179870964 0.00100915798997669 0.961896189618962 0.00191456458687194 0.997899789978998 0.00045782188018309
logFW 4 50 continuous 1 1 0 -0.0271986732147632 0.00190437026112396 0.0370024021130856 0.000558399480007151 0.9528 0.00212066404694379 1 0
logFW 1 10 binary0.05 1 1 0 -0.569759468427246 0.00681697160118323 0.789290398874074 0.0115450920809283 0.9823 0.00131858674344921 0.0014 0.000373903730925488
logFW 4 10 binary0.05 1 1 0 -0.497290820144961 0.0082014251612 0.919864643173417 0.0104180778582642 0.9882 0.00107984998958189 0.0389 0.00193356639399841
logFW 1 20 binary0.05 1 1 0 -0.4213787622864 0.00712808378668899 0.685605036428133 0.0101491649125634 0.9736 0.00160321676637939 0.0205 0.00141703034547606
logFW 4 20 binary0.05 1 1 0 -0.325837625659162 0.00778054635426964 0.711478637103016 0.0098511596164471 0.9666 0.00179678713263425 0.1092 0.00311889980602135
logFW 1 30 binary0.05 1 1 0 -0.327872419494043 0.00711656881000437 0.613905194188521 0.00912390526628168 0.9676 0.00177059989833954 0.0614 0.00240062575175724
logFW 4 30 binary0.05 1 1 0 -0.251310432055866 0.00710912899057829 0.56850354359191 0.00875061967600598 0.9557 0.00205760807735584 0.182 0.00385844528275315
logFW 1 40 binary0.05 1 1 0 -0.251192844843407 0.0069196367038351 0.54186368505903 0.00764080181159793 0.9666 0.00179678713263425 0.1073 0.00309494281045708
logFW 4 40 binary0.05 1 1 0 -0.174793436754776 0.00623320881136238 0.419042813500915 0.00673485497662814 0.9565 0.00203979778409528 0.2586 0.00437865321760013
logFW 1 50 binary0.05 1 1 0 -0.206134582216862 0.00669596904787259 0.490806644884908 0.0069396836652522 0.9668 0.00179158477332221 0.1587 0.00365396100143392
logFW 4 50 binary0.05 1 1 0 -0.159509433878776 0.00578360293968772 0.359910439073007 0.00579221315607729 0.9508 0.00216285367050108 0.3181 0.00465738542532181
logFW 1 10 binary0.1 1 1 0 -0.483130407423766 0.00715779347896721 0.745703831445421 0.0110447429479496 0.9733 0.00161205179817523 0.0087 0.000928671631956097
logFW 4 10 binary0.1 1 1 0 -0.350907966179219 0.00791423738793449 0.749425299900404 0.0100536689741363 0.9735 0.00160616779945309 0.0826 0.00275276660834151
logFW 1 20 binary0.1 1 1 0 -0.286309562153214 0.00711466869939365 0.588107653890979 0.00848045630441265 0.9678 0.0017653090381007 0.0776 0.00267541099646391
logFW 4 20 binary0.1 1 1 0 -0.199809749277014 0.00665946648108154 0.483364525538816 0.00755116400266894 0.9591 0.0019805855194866 0.2144 0.00410405458053374
logFW 1 30 binary0.1 1 1 0 -0.182597836308709 0.00680642314582261 0.496569602828482 0.00695283735013346 0.9652 0.00183272911255319 0.1678 0.00373688586927672
logFW 4 30 binary0.1 1 1 0 -0.150882572398017 0.00564213874693633 0.341071013320606 0.00528819851845073 0.9549 0.00207523468552354 0.3262 0.00468821458553254
logFW 1 40 binary0.1 1 1 0 -0.124178486864083 0.00626639724128941 0.408058372721863 0.00579922938497446 0.9661 0.00180971793382284 0.2436 0.00429254050650661
logFW 4 40 binary0.1 1 1 0 -0.107648582273158 0.0049990208819118 0.261465324833545 0.0039340620390585 0.9533 0.00210995521279481 0.438 0.00496141108959941
logFW 1 50 binary0.1 1 1 0 -0.0933703706013755 0.00585257486709048 0.351210099222655 0.00507940607402639 0.9657 0.00181998653841175 0.316 0.00464912895067452
logFW 4 50 binary0.1 1 1 0 -0.0835841200011597 0.00443188989281346 0.203383143688567 0.00306138951665166 0.9527 0.00212279791784334 0.5332 0.00498896542381284
logFW 1 10 binary0.2 1 1 0 -0.349308047990944 0.0073202930974094 0.65782943602001 0.00967724740818494 0.9691 0.00173046785581241 0.0391 0.00193832891945614
logFW 4 10 binary0.2 1 1 0 -0.249381740236075 0.00720509993826616 0.581273990102084 0.00853855667252722 0.9624 0.00190226811990318 0.1449 0.00351999985795454
logFW 1 20 binary0.2 1 1 0 -0.165670141140086 0.00675815963080549 0.484128138898272 0.00677992220104242 0.9699 0.00170862488569024 0.1708 0.00376334106878449
logFW 4 20 binary0.2 1 1 0 -0.122681793653511 0.00556790568395815 0.325035557974873 0.00481663460083947 0.9579 0.00200817305031215 0.3251 0.00468412200951256
logFW 1 30 binary0.2 1 1 0 -0.0868918650326097 0.00622560345547791 0.395092821919044 0.00574357799639427 0.9634 0.00187777634450964 0.2992 0.00457907588930343
logFW 4 30 binary0.2 1 1 0 -0.0841375395969128 0.00465441170836435 0.223692945530661 0.00328987982607099 0.9563 0.00204426783959441 0.4859 0.0049980115045886
logFW 1 40 binary0.2 1 1 0 -0.0647875430964031 0.00553268975715316 0.310273374573594 0.00473962013841843 0.9572 0.00202405928766921 0.4013 0.00490161514197106
logFW 4 40 binary0.2 1 1 0 -0.0622442196197256 0.00413526046371273 0.174861033524422 0.00257943522610472 0.9533 0.00210995521279481 0.6263 0.00483785396637807
logFW 1 50 binary0.2 1 1 0 -0.0516372841786475 0.00502038930908633 0.254684292956415 0.00403859443181772 0.9585 0.00199443601050522 0.4876 0.00499846216350589
logFW 4 50 binary0.2 1 1 0 -0.0605933752002087 0.00369921394003533 0.140499710675896 0.00203319164089083 0.9525 0.00212705782714058 0.7136 0.00452078577240727
logFW 1 10 continuous 1.5 1 2e-04 -0.578195261371975 0.00239728470561014 0.39176225894865 0.00325192945631864 0.933886777355471 0.00248504759228381 0.689837967593519 0.0046260603857856
logFW 4 10 continuous 1.5 1 0 -0.3187516547024 0.00308312200231383 0.196649524545754 0.00232636462175172 0.932 0.00251745903640953 0.9585 0.00199443601050522
logFW 1 20 continuous 1.5 1 0 -0.359342879582751 0.00270149501638529 0.202100760267046 0.00221379648672173 0.939 0.00239330315672712 0.9833 0.00128144878945669
logFW 4 20 continuous 1.5 1 0 -0.163914696436011 0.00298125855054242 0.115738165256987 0.00139800781581797 0.9446 0.00228759349535707 0.9998 0.0001414072133945
logFW 1 30 continuous 1.5 1 2e-04 -0.253541196479333 0.00285214935169829 0.145606293288329 0.0016767176738712 0.941888377675535 0.00233977799796141 0.999499899979996 0.000223595596995107
logFW 4 30 continuous 1.5 1 0 -0.115607313396031 0.00268787120712738 0.0856043425200659 0.00109705679251794 0.947 0.00224033479640879 1 0
logFW 1 40 continuous 1.5 1 4e-04 -0.194046684740124 0.00287823826719982 0.120455249808753 0.00139473732883021 0.944177671068427 0.00229624230949618 0.999899959983994 0.000100035011878837
logFW 4 40 continuous 1.5 1 0 -0.0795421947485285 0.00251238250050723 0.0694413069681335 0.000926664983611541 0.9522 0.00213342822705616 1 0
logFW 1 50 continuous 1.5 1 7e-04 -0.159597371191923 0.00278195981989255 0.102802410882823 0.0012192953351511 0.95116581607125 0.00215596715581202 1 0
logFW 4 50 continuous 1.5 1 0 -0.0644424771181659 0.00228428852662255 0.0563273556116468 0.000800548177635012 0.9525 0.00212705782714058 1 0
logFW 1 10 binary0.05 1.5 1 0 -0.844614167310403 0.00631219168790521 1.11177088690613 0.0142433879479433 0.9719 0.00165258554997918 0.0057 0.000752828665766654
logFW 4 10 binary0.05 1.5 1 0 -0.650911994385145 0.00846926889755278 1.14089985250933 0.0143615985266194 0.9562 0.00204649847300212 0.1009 0.0030119626491708
logFW 1 20 binary0.05 1.5 1 0 -0.609032795811619 0.00663004731675491 0.810452263070785 0.0117716021357846 0.9598 0.00196428002077097 0.0694 0.00254133114725334
logFW 4 20 binary0.05 1.5 1 0 -0.405075457615682 0.00771325459724563 0.758969596885381 0.0110582473700897 0.9468 0.00224432083267968 0.2794 0.00448704401583047
logFW 1 30 binary0.05 1.5 1 0 -0.446815098155489 0.00663523912031797 0.639863687379494 0.00929268470745825 0.9546 0.00208179826111946 0.1881 0.00390792003500583
logFW 4 30 binary0.05 1.5 1 0 -0.269682214906984 0.00682509760252853 0.538501487920262 0.00839615915462629 0.9447 0.00228564892317259 0.4454 0.00497009899297791
logFW 1 40 binary0.05 1.5 1 0 -0.345581844548394 0.00648199709827721 0.53954765881583 0.00741073119961284 0.9588 0.0019875250941812 0.3086 0.00461915620000017
logFW 4 40 binary0.05 1.5 1 0 -0.198263628664969 0.00609086044740427 0.410257177767948 0.00658071458803277 0.9447 0.00228564892317259 0.5835 0.0049297844780477
logFW 1 50 binary0.05 1.5 1 0 -0.271735576509244 0.00635550262353218 0.477723967104458 0.00633633593079812 0.958 0.0020058913230781 0.418 0.0049323016939356
logFW 4 50 binary0.05 1.5 1 0 -0.167196365631719 0.00543332287765904 0.323135078611894 0.00514738581966859 0.9486 0.00220812227922278 0.69 0.00462493243193887
logFW 1 10 binary0.1 1.5 1 0 -0.683365749284487 0.0067013767923919 0.916028347980321 0.0128486978841613 0.9634 0.00187777634450964 0.0363 0.00187035584849515
logFW 4 10 binary0.1 1.5 1 0 -0.428065408715384 0.00789586475194609 0.806624451268735 0.0111159345305909 0.9534 0.00210780549387271 0.2239 0.00416855838390204
logFW 1 20 binary0.1 1.5 1 0 -0.387717052972736 0.00666141212384218 0.594024253591097 0.00846875624176043 0.9593 0.00197594306598141 0.2288 0.0042006018616384
logFW 4 20 binary0.1 1.5 1 0 -0.238349000186074 0.00657627012567433 0.489240286219302 0.00735005676895663 0.9459 0.00226214919932351 0.4896 0.00499891828298883
logFW 1 30 binary0.1 1.5 1 0 -0.257661870153693 0.00646265219453343 0.484006607332787 0.00651278809275629 0.9586 0.00199213553755762 0.4222 0.00493910072786535
logFW 4 30 binary0.1 1.5 1 0 -0.152503645039453 0.00548530997742848 0.324113528609536 0.00489405707237655 0.947 0.00224033479640879 0.6985 0.00458909304765114
logFW 1 40 binary0.1 1.5 1 0 -0.189206656125385 0.00611028332962481 0.40911744684269 0.00532457566509701 0.9564 0.0020420342798298 0.5655 0.00495691184105588
logFW 4 40 binary0.1 1.5 1 0 -0.118988065908341 0.00486231997825215 0.250556073382136 0.00393745645466935 0.9455 0.00227001651976368 0.8254 0.00379624604049843
logFW 1 50 binary0.1 1.5 1 0 -0.143660866249078 0.0057805149104388 0.354748556436859 0.00473106689432967 0.9582 0.00200131856534636 0.6907 0.00462205051897964
logFW 4 50 binary0.1 1.5 1 0 -0.0976383229919457 0.00438066897612238 0.201416658639613 0.00298081969138134 0.9448 0.00228370225730063 0.8984 0.0030212156493703
logFW 1 10 binary0.2 1.5 1 0 -0.514801051845107 0.00672938396586167 0.717820923972232 0.0106219748617359 0.9629 0.00189006851727656 0.1082 0.00310632837929283
logFW 4 10 binary0.2 1.5 1 0 -0.32377087839851 0.00711257266564864 0.61066389225034 0.00856929370562526 0.9495 0.00218974313562116 0.3299 0.00470176551946181
logFW 1 20 binary0.2 1.5 1 0 -0.246960525537657 0.00653347054240628 0.487809188221413 0.00652405639309643 0.9605 0.00194781287602275 0.4053 0.00490950007638252
logFW 4 20 binary0.2 1.5 1 0 -0.147062207698271 0.00563056368206847 0.338628063463996 0.00498301790326153 0.9519 0.00213977545550929 0.6897 0.0046261637454807
logFW 1 30 binary0.2 1.5 1 0 -0.152513657175781 0.00609291822479731 0.39445981691331 0.00534539889242729 0.9614 0.00192639663620969 0.6249 0.00484148727149003
logFW 4 30 binary0.2 1.5 1 0 -0.110910741930601 0.00475141533718756 0.238038093792502 0.00361620203812734 0.9472 0.00223633986683599 0.8563 0.00350785276201838
logFW 1 40 binary0.2 1.5 1 0 -0.115517489738475 0.00553370886462433 0.3195330064859 0.00448687407605813 0.9602 0.00195489027825093 0.7651 0.0042393630417788
logFW 4 40 binary0.2 1.5 1 0 -0.0800628591278115 0.00407276018056126 0.172267228919885 0.00255196364676872 0.9536 0.00210349803898173 0.9445 0.0022895359791888
logFW 1 50 binary0.2 1.5 1 0 -0.0843264071800981 0.00518889004903095 0.276329817777286 0.00415868388938479 0.9567 0.00203531594598971 0.8641 0.00342682345620547
logFW 4 50 binary0.2 1.5 1 0 -0.0567885993672318 0.00368250601233934 0.138819889476715 0.00203146953068743 0.9507 0.00216493671962947 0.9812 0.00135818113666771
logFW 1 10 continuous 0 5 0 -0.00186037865608461 0.00428339662674566 0.183459980142242 0.00239256345395852 0.9892 0.00103360340556715 0.0108 0.00103360340556714
logFW 4 10 continuous 0 5 0 -0.00452927218528945 0.00363342162242351 0.132024839416789 0.00197900595256289 0.9646 0.00184788636014231 0.0354 0.00184788636014231
logFW 1 20 continuous 0 5 0 -0.00721073751278906 0.00382007997828143 0.145967512129105 0.00224986522067762 0.9546 0.00208179826111946 0.0454 0.00208179826111946
logFW 4 20 continuous 0 5 0 0.000958762729072915 0.00263342325443008 0.069343164677665 0.00105397653506716 0.9495 0.00218974313562116 0.0505 0.00218974313562116
logFW 1 30 continuous 0 5 0 -6.33709364868635e-05 0.00314452001202888 0.0988701770702708 0.0016156588844543 0.9476 0.00222832313635164 0.0524 0.00222832313635164
logFW 4 30 continuous 0 5 0 0.0011089491794911 0.00213221450900252 0.0454600705535789 0.000681223643183194 0.9492 0.00219589070766284 0.0508 0.00219589070766284
logFW 1 40 continuous 0 5 0 0.00023254614559739 0.00261331488322831 0.0682873714520567 0.00107297991857374 0.9505 0.00216909543358516 0.0495 0.00216909543358516
logFW 4 40 continuous 0 5 0 0.00224321189464184 0.00181103496294039 0.0328002285218923 0.000485972552150027 0.9506 0.0021670173049609 0.0494 0.0021670173049609
logFW 1 50 continuous 0 5 0 0.000636849664268047 0.0022834125078532 0.0521349184150181 0.000818202339582822 0.9473 0.00223433905215838 0.0527 0.00223433905215838
logFW 4 50 continuous 0 5 0 0.00121871188684532 0.00160712281786337 0.0258273399318823 0.000371739473450567 0.9523 0.00213130734526956 0.0477 0.00213130734526956
logFW 1 10 binary0.05 0 5 0 -0.00312844314641298 0.00626445504966312 0.392404514451946 0.00521017270878204 1 0 0 0
logFW 4 10 binary0.05 0 5 0 -0.018215507081143 0.00726203000807173 0.527649865999728 0.00781282652519509 0.9966 0.00058210308365443 0.0034 0.000582103083654433
logFW 1 20 binary0.05 0 5 0 0.0106858990890445 0.00771876610717161 0.595848111261334 0.00788615067881461 0.9977 0.00047903131421651 0.0023 0.000479031314216513
logFW 4 20 binary0.05 0 5 0 -0.0584689721156155 0.00737232813854008 0.546876491301172 0.00706287127713625 0.9916 0.000912657657613191 0.0084 0.000912657657613193
logFW 1 30 binary0.05 0 5 0 0.0116157406189293 0.00793416574750875 0.629581835533427 0.00827809062145357 0.9939 0.000778639197574846 0.0061 0.000778639197574846
logFW 4 30 binary0.05 0 5 0 -0.0601692509170975 0.00726305827216086 0.531087741388505 0.00719226052172953 0.9844 0.00123921910895531 0.0156 0.00123921910895531
logFW 1 40 binary0.05 0 5 0 0.0130048463888191 0.00792611719450292 0.628339640505764 0.00845666069945199 0.9885 0.00106619651096784 0.0115 0.00106619651096784
logFW 4 40 binary0.05 0 5 0 -0.0642663430253137 0.00681227458123632 0.468154605462462 0.00668349132036213 0.9804 0.00138621210498249 0.0196 0.0013862121049825
logFW 1 50 binary0.05 0 5 0 0.0037422321055289 0.00767139912958435 0.588458799990401 0.00831064402305912 0.9843 0.00124312147435398 0.0157 0.00124312147435397
logFW 4 50 binary0.05 0 5 0 -0.0703683054007861 0.00648952675947819 0.42604916006725 0.00627588179028634 0.9747 0.00157034741379097 0.0253 0.00157034741379097
logFW 1 10 binary0.1 0 5 0 -0.0043371999767708 0.00670707647622573 0.449822575008189 0.00622046384608129 0.9996 0.000199959995999189 4e-04 0.0001999599959992
logFW 4 10 binary0.1 0 5 0 -0.0272501321186921 0.00768296696981892 0.590963356312309 0.00791121571462802 0.9937 0.000791221208006963 0.0063 0.000791221208006964
logFW 1 20 binary0.1 0 5 0 -0.0054491044448933 0.00831124923143938 0.690729253746485 0.00958085489225551 0.9925 0.000862771696336867 0.0075 0.00086277169633687
logFW 4 20 binary0.1 0 5 0 -0.0564654630103527 0.00714883294594346 0.514195367590549 0.00748855066274326 0.9795 0.00141703034547606 0.0205 0.00141703034547606
logFW 1 30 binary0.1 0 5 0 0.0044745899921845 0.00802116766227825 0.643346989488717 0.00925046484024552 0.98 0.0014 0.02 0.0014
logFW 4 30 binary0.1 0 5 0 -0.0460671726990844 0.00645876365488834 0.419236748269604 0.00653958485829302 0.9703 0.00169758387127116 0.0297 0.00169758387127117
logFW 1 40 binary0.1 0 5 0 0.00209958373926091 0.00734832343946323 0.539928984104152 0.00834591178455498 0.972 0.0016497272501841 0.028 0.0016497272501841
logFW 4 40 binary0.1 0 5 0 -0.0531893631263156 0.005814528255508 0.340882687951958 0.00543327510082444 0.963 0.00188761754600873 0.037 0.00188761754600872
logFW 1 50 binary0.1 0 5 0 -0.00973875169482758 0.00687901827921513 0.473256447249845 0.00756842186373852 0.9659 0.00181486060070739 0.0341 0.00181486060070739
logFW 4 50 binary0.1 0 5 0 -0.0505112515682812 0.00538424556326959 0.292423399290591 0.00496902388209935 0.9578 0.00201045169054121 0.0422 0.00201045169054121
logFW 1 10 binary0.2 0 5 0 -0.00543357466736207 0.00733734480246233 0.538341974607127 0.00746231516617923 0.9976 0.000489309717867933 0.0024 0.000489309717867937
logFW 4 10 binary0.2 0 5 0 -0.0454380348301179 0.00781904106243597 0.613377508966687 0.00898994153344662 0.9825 0.00131124940419433 0.0175 0.00131124940419434
logFW 1 20 binary0.2 0 5 0 0.00201464143662075 0.00832187531374908 0.692470892547245 0.010263448318671 0.9757 0.00153978927129656 0.0243 0.00153978927129656
logFW 4 20 binary0.2 0 5 0 -0.0431942895551932 0.00636567191137893 0.407043013704481 0.00644898766090306 0.963 0.00188761754600873 0.037 0.00188761754600872
logFW 1 30 binary0.2 0 5 0 0.00917131410858781 0.00733152744224908 0.537543308072354 0.0084611608109878 0.9637 0.00187035584849515 0.0363 0.00187035584849515
logFW 4 30 binary0.2 0 5 0 -0.0275755599447013 0.00537483364782631 0.289619890087581 0.0046107085580298 0.9586 0.00199213553755762 0.0414 0.00199213553755762
logFW 1 40 binary0.2 0 5 0 0.00443050474822396 0.00650125650478327 0.42264072444605 0.00698517032630945 0.9536 0.00210349803898173 0.0464 0.00210349803898173
logFW 4 40 binary0.2 0 5 0 -0.0244181682881204 0.00464173456625492 0.216031699078421 0.00349037686958321 0.9547 0.00207961318518613 0.0453 0.00207961318518613
logFW 1 50 binary0.2 0 5 0 -0.000278914653275924 0.00574148157500974 0.329613219944471 0.00538076366159535 0.954 0.00209485083001153 0.046 0.00209485083001153
logFW 4 50 binary0.2 0 5 0 -0.0180418578689349 0.00414688893120654 0.172275190025188 0.00258471719997642 0.9588 0.0019875250941812 0.0412 0.0019875250941812
logFW 1 10 continuous 0.5 5 0 -0.108928627604476 0.00389732632681824 0.163741781736402 0.00243822716615913 0.9838 0.00126244049364713 0.0442 0.00205539193342778
logFW 4 10 continuous 0.5 5 0 -0.0272425963418306 0.00366597147875775 0.135122188539213 0.00193102243812019 0.9666 0.00179678713263425 0.2242 0.00417054384942779
logFW 1 20 continuous 0.5 5 0 0.0104211762090333 0.00364436419669534 0.13290922350473 0.00193816128475572 0.9724 0.00163823807793617 0.2597 0.00438469964763836
logFW 4 20 continuous 0.5 5 0 -0.0003189785202401 0.00271322796055893 0.0736087998009181 0.00113926740656818 0.9559 0.0020531729103999 0.4682 0.00498987735320218
logFW 1 30 continuous 0.5 5 0 0.0305990683700549 0.00314052443911587 0.0995553776182032 0.00158931702433778 0.9644 0.00185290690537868 0.4177 0.00493180200332495
logFW 4 30 continuous 0.5 5 0 -0.00105939100071817 0.00222792359468662 0.0496325941033624 0.000746227025029689 0.9543 0.00208833689810816 0.6523 0.00476240181001142
logFW 1 40 continuous 0.5 5 0 0.035861852835213 0.00276819314233792 0.0779073423283683 0.00128726668823411 0.9543 0.00208833689810816 0.558 0.00496624606720207
logFW 4 40 continuous 0.5 5 0 0.00465242712236426 0.00193288842758575 0.0373784857554042 0.000561588247468678 0.9524 0.00212918388120895 0.7823 0.00412682335459128
logFW 1 50 continuous 0.5 5 0 0.0333322724121371 0.00248025602238617 0.0626215880800488 0.00102946590274776 0.9516 0.00214609971809327 0.6614 0.00473233599821484
logFW 4 50 continuous 0.5 5 0 0.00179883258516291 0.00170775352051202 0.0291645402447946 0.000436903650321576 0.9544 0.00208616010890823 0.8726 0.00333420515265633
logFW 1 10 binary0.05 0.5 5 0 -0.334272385691607 0.00632091901054125 0.511238245197038 0.00714671638069232 0.9992 0.000282729552753161 0 0
logFW 4 10 binary0.05 0.5 5 0 -0.276803914463053 0.00792104420145225 0.703987076534431 0.0079468418263457 0.9968 0.000564779603031128 0.0113 0.00105699148530156
logFW 1 20 binary0.05 0.5 5 0 -0.256094158935771 0.00781319128653906 0.675982753083443 0.00938186998949636 0.9939 0.000778639197574846 0.0064 0.000797435890840135
logFW 4 20 binary0.05 0.5 5 0 -0.223498577504526 0.00791970659920984 0.677106418569605 0.00877889405868585 0.9868 0.00114130451677017 0.0343 0.00181998653841175
logFW 1 30 binary0.05 0.5 5 0 -0.17260239033376 0.00800535499731981 0.670584585771429 0.00949611374296555 0.9856 0.00119132867001512 0.0147 0.0012034911715505
logFW 4 30 binary0.05 0.5 5 0 -0.169013044368588 0.00729376370184895 0.560502099561893 0.00812204207310046 0.9745 0.001576380347505 0.0548 0.0022758945494025
logFW 1 40 binary0.05 0.5 5 0 -0.138313175141588 0.00778098968441424 0.624507995306888 0.00892504651160048 0.9818 0.00133674081257363 0.0295 0.0016920328011005
logFW 4 40 binary0.05 0.5 5 0 -0.137511737917401 0.00680781129012871 0.48232607739054 0.00743723303155628 0.9677 0.00176795673023974 0.0737 0.0026128205066556
logFW 1 50 binary0.05 0.5 5 0 -0.1056650602972 0.00750345570026917 0.574127277579184 0.00843118173845991 0.9755 0.00154595439777504 0.0413 0.00198983190244804
logFW 4 50 binary0.05 0.5 5 0 -0.126124083202197 0.00629086038138186 0.411616952819655 0.00663499615751752 0.9606 0.00194544699233878 0.0902 0.00286468078500904
logFW 1 10 binary0.1 0.5 5 0 -0.294749130324174 0.00678665431396006 0.54741775892201 0.00776309988817292 0.9982 0.000423882059068324 7e-04 0.000264482513599671
logFW 4 10 binary0.1 0.5 5 0 -0.202692208357594 0.00820139923566206 0.713646362606636 0.00945543199663451 0.99 0.00099498743710662 0.0259 0.00158836991913093
logFW 1 20 binary0.1 0.5 5 0 -0.143616869017615 0.00836033972957052 0.719508713724381 0.0101266984072351 0.9837 0.00126626655961531 0.022 0.00146683332386471
logFW 4 20 binary0.1 0.5 5 0 -0.131262238862661 0.00731249932009568 0.551902765768933 0.00843218496508663 0.9657 0.00181998653841175 0.0664 0.00248979999196723
logFW 1 30 binary0.1 0.5 5 0 -0.0800419713497723 0.00783313359342971 0.619925178120836 0.00915473068431615 0.9759 0.00153359675273522 0.046 0.00209485083001153
logFW 4 30 binary0.1 0.5 5 0 -0.0894771456318471 0.00618730216135535 0.390794957241513 0.00611068164145449 0.962 0.0019119623427254 0.099 0.00298662016332844
logFW 1 40 binary0.1 0.5 5 0 -0.0391662926740505 0.00716062536014265 0.514228279409462 0.00784991904645199 0.9716 0.00166112732805165 0.0693 0.0025396359975398
logFW 4 40 binary0.1 0.5 5 0 -0.0808128189132275 0.00547919534103989 0.306716505971849 0.00504054313671543 0.9571 0.00202631660902239 0.1243 0.00329923491130898
logFW 1 50 binary0.1 0.5 5 0 -0.0307198418375619 0.00653557240349572 0.428038061389233 0.00676092943393932 0.962 0.0019119623427254 0.092 0.00289025950392002
logFW 4 50 binary0.1 0.5 5 0 -0.0686624494153868 0.00487230413307421 0.242084268263875 0.00392106687227022 0.9559 0.0020531729103999 0.142 0.00349050139664777
logFW 1 10 binary0.2 0.5 5 0 -0.217282776186516 0.00742347217536995 0.5982360882731 0.0082167908008009 0.996 0.00063118935352238 0.0057 0.000752828665766654
logFW 4 10 binary0.2 0.5 5 0 -0.120231050511526 0.00812414085676867 0.674406150448625 0.0102382815840051 0.9696 0.00171685293487823 0.051 0.00219997727260988
logFW 1 20 binary0.2 0.5 5 0 -0.0631810657942371 0.00810725405848029 0.661201803193978 0.00968961643687631 0.9749 0.00156428865622685 0.0493 0.00216493671962947
logFW 4 20 binary0.2 0.5 5 0 -0.0652333328321174 0.00610590914073063 0.37703936993453 0.00609182878503331 0.9595 0.00197128765024286 0.0951 0.00293353012597451
logFW 1 30 binary0.2 0.5 5 0 -0.0114919741636407 0.00714857570961248 0.511102310096116 0.0079562525063431 0.9615 0.00192399974012472 0.0886 0.00284165515149182
logFW 4 30 binary0.2 0.5 5 0 -0.0560439684542459 0.00505495839808833 0.258641417859731 0.00413266163160312 0.955 0.00207304124416279 0.1385 0.00345424014799203
logFW 1 40 binary0.2 0.5 5 0 -0.00646130394679692 0.00629591469061497 0.396387527821915 0.00620179477729625 0.9549 0.00207523468552354 0.1238 0.00329353245012099
logFW 4 40 binary0.2 0.5 5 0 -0.0349409678223783 0.00439047220484154 0.193964056801045 0.00285663131208247 0.9536 0.00210349803898173 0.1874 0.00390232289796731
logFW 1 50 binary0.2 0.5 5 0 -0.000313476728317087 0.00549358729405254 0.301764932340056 0.00486592148906941 0.9553 0.00206644404714959 0.1404 0.00347401554400668
logFW 4 50 binary0.2 0.5 5 0 -0.0349362329310358 0.00396279992690456 0.158242669194899 0.00231853950857427 0.9508 0.00216285367050108 0.2279 0.00419477758647583
logFW 1 10 continuous 1 5 1e-04 -0.302131949546297 0.00312083443639371 0.188660311515296 0.00291072842782279 0.976197619761976 0.00152440646640268 0.209120912091209 0.00406701237774156
logFW 4 10 continuous 1 5 0 -0.106723612125581 0.00348847313275029 0.13307220791954 0.0017736553710463 0.9708 0.00168366742559212 0.6768 0.00467698364333253
logFW 1 20 continuous 1 5 0 -0.0772337673013419 0.00325917575715614 0.112176698745285 0.00159319370366895 0.9756 0.00154287523798912 0.7454 0.00435636132569373
logFW 4 20 continuous 1 5 0 -0.0185254987723727 0.0030325680564999 0.0922986878087838 0.00140651225717311 0.9627 0.00189495936631897 0.9592 0.00197826590730367
logFW 1 30 continuous 1 5 0 -0.00158871343653719 0.0032460736915807 0.105361931127696 0.00143550261788452 0.9771 0.00149584725156013 0.9214 0.00269113433332489
logFW 4 30 continuous 1 5 0 -0.00501743847128821 0.00257459610440301 0.0663039971517839 0.00102704981722335 0.9555 0.00206203176503176 0.9964 0.000598919026246457
logFW 1 40 continuous 1 5 0 0.0165878166032167 0.00303487773937845 0.0923707741065176 0.00136665000900364 0.9728 0.00162665792347377 0.981 0.00136524723035793
logFW 4 40 continuous 1 5 0 0.00176983683062513 0.00226168609728184 0.0511502571247838 0.000813867047572161 0.9544 0.00208616010890823 0.9997 0.000173179098045915
logFW 1 50 continuous 1 5 0 0.0248206060062343 0.00279699384395498 0.078839984939174 0.00128109598074541 0.9686 0.00174396215555269 0.9938 0.000784956049725078
logFW 4 50 continuous 1 5 0 -0.00122438372784539 0.00199102629817349 0.0396393921299773 0.000629755926291329 0.957 0.00202857092555326 1 0
logFW 1 10 binary0.05 1 5 0 -0.672456537878894 0.00630355357254559 0.84950593696795 0.0106546223153422 0.9944 0.00074623320751626 7e-04 0.000264482513599671
logFW 4 10 binary0.05 1 5 0 -0.472989331992976 0.00852501954946737 0.95040581540885 0.010794324291877 0.9897 0.00100964894889263 0.0349 0.00183526537590617
logFW 1 20 binary0.05 1 5 0 -0.442997243424009 0.00769464575998612 0.788263083824625 0.0114534690331617 0.9814 0.0013510751274448 0.0169 0.00128896819200475
logFW 4 20 binary0.05 1 5 0 -0.315128061872927 0.0081397392612336 0.761792992433222 0.0105344572465396 0.9689 0.00173587989215844 0.1018 0.00302385118681459
logFW 1 30 binary0.05 1 5 0 -0.313643600462221 0.00768014768825588 0.688160008576612 0.00992865727823183 0.9741 0.00158836991913093 0.0527 0.00223433905215838
logFW 4 30 binary0.05 1 5 0 -0.22759509985397 0.0074370789545716 0.604845653099479 0.00916169229373878 0.9552 0.00206864593393843 0.1826 0.00386338245582805
logFW 1 40 binary0.05 1 5 0 -0.225589215376821 0.00758690572358788 0.626444317541973 0.00918579193505587 0.9668 0.00179158477332221 0.1037 0.00304870972708128
logFW 4 40 binary0.05 1 5 0 -0.179349225077753 0.0065607815646689 0.462561648074244 0.00742833701072268 0.9554 0.0020642393272099 0.2469 0.00431208058830073
logFW 1 50 binary0.05 1 5 0 -0.164257442027443 0.00720784393067352 0.546458695536742 0.00790447650584434 0.9711 0.001675254905977 0.1508 0.00357853824906204
logFW 4 50 binary0.05 1 5 0 -0.128451965317238 0.00593067032842171 0.36819323998753 0.00588015971964399 0.9536 0.00210349803898173 0.3285 0.00469667701678538
logFW 1 10 binary0.1 1 5 0 -0.568038196525773 0.00678042408775914 0.782362926660084 0.0105753924902122 0.9911 0.000939190608982012 0.0027 0.000518913287553903
logFW 4 10 binary0.1 1 5 0 -0.318677404900126 0.0085711775075368 0.836132661967058 0.0111960300217653 0.9774 0.00148624493270793 0.0801 0.00271447950811937
logFW 1 20 binary0.1 1 5 0 -0.267955529086135 0.00807737966992335 0.724175544826408 0.0104882834810092 0.9757 0.00153978927129656 0.0644 0.00245464131799332
logFW 4 20 binary0.1 1 5 0 -0.171248441587197 0.00724708869596887 0.554476454123875 0.00852338530915325 0.9556 0.00205982135147687 0.2078 0.00405732867783718
logFW 1 30 binary0.1 1 5 0 -0.126440891233175 0.00757307822294919 0.589445085171138 0.00847414703219817 0.9733 0.00161205179817523 0.1575 0.00364271533337427
logFW 4 30 binary0.1 1 5 0 -0.117035393399993 0.00595189614582134 0.367912535546988 0.00575880546558809 0.9539 0.00209701669044383 0.3274 0.00469264573561653
logFW 1 40 binary0.1 1 5 0 -0.0697695465570053 0.00700966039113622 0.496172042278611 0.00752370698985177 0.9642 0.00185791173094956 0.2317 0.00421918368881944
logFW 4 40 binary0.1 1 5 0 -0.0835363198839572 0.00518033594036287 0.275310285409453 0.00429465141292553 0.9527 0.00212279791784334 0.4305 0.00495146190533664
logFW 1 50 binary0.1 1 5 0 -0.0485741861668089 0.00643313652176294 0.416170521392663 0.00627067678884869 0.9649 0.00184032578637588 0.3095 0.00462287518758618
logFW 4 50 binary0.1 1 5 0 -0.0684700437513597 0.00459378500070121 0.215695650357355 0.00337165889958928 0.9525 0.00212705782714058 0.5301 0.00499093167655098
logFW 1 10 binary0.2 1 5 0 -0.44062252046274 0.00731284557196552 0.728871831422735 0.0103033785243755 0.9872 0.00112410675649602 0.0113 0.00105699148530156
logFW 4 10 binary0.2 1 5 0 -0.1859030680231 0.00806367546115212 0.684723547266328 0.00993770544552755 0.9667 0.0017941881172274 0.1398 0.00346779411153546
logFW 1 20 binary0.2 1 5 0 -0.10004566785246 0.0079797579296999 0.646710825285514 0.00911610932442879 0.9736 0.00160321676637939 0.1494 0.00356482313726782
logFW 4 20 binary0.2 1 5 0 -0.0865603716020616 0.00611804358644645 0.381759840731147 0.00605570815955018 0.9576 0.00201499975186103 0.3145 0.00464316433049704
logFW 1 30 binary0.2 1 5 0 -0.0165556240570763 0.00712359219599532 0.507679000870599 0.00791297492992362 0.9655 0.00182509588789192 0.2701 0.00444011249857478
logFW 4 30 binary0.2 1 5 0 -0.0504170309799604 0.0050042484531151 0.252941860315302 0.0038242306865899 0.952 0.00213766227454198 0.4866 0.00499820407746623
logFW 1 40 binary0.2 1 5 0 -0.00714281773786965 0.00620180120748527 0.384635939678677 0.00619651430022417 0.9579 0.00200817305031215 0.3838 0.00486310147950873
logFW 4 40 binary0.2 1 5 0 -0.0400405415602326 0.00436764308532911 0.192347229870547 0.00285194928717326 0.9494 0.00219179469841498 0.6113 0.00487454931250059
logFW 1 50 binary0.2 1 5 0 -0.000314302218136219 0.00551420696448698 0.304034476779403 0.00500926561787184 0.9573 0.00202179895142915 0.4725 0.00499243177219279
logFW 4 50 binary0.2 1 5 0 -0.0319920905889556 0.00382314904512548 0.147173563604069 0.00221480900984802 0.9536 0.00210349803898173 0.7192 0.00449389986537306
logFW 1 10 continuous 1.5 5 1e-04 -0.622020655031825 0.00228191520041139 0.438970650830943 0.0034489967847344 0.960996099609961 0.00193613906470793 0.442344234423442 0.00496689523489328
logFW 4 10 continuous 1.5 5 0 -0.288603261910095 0.003064370541217 0.177186120557119 0.002322116204455 0.9576 0.00201499975186103 0.9412 0.00235249994686504
logFW 1 20 continuous 1.5 5 2e-04 -0.324955833680213 0.00258924671494813 0.172618166755847 0.00215894558902439 0.969393878775755 0.00172265265309575 0.958391678335667 0.00199712408832948
logFW 4 20 continuous 1.5 5 0 -0.102803453563729 0.00313952042104716 0.109124578217877 0.00139076148819179 0.9645 0.00185039860570635 0.9995 0.000223550889061069
logFW 1 30 continuous 1.5 5 5e-04 -0.176882163562464 0.00283562234856615 0.111646596298795 0.00147662239701598 0.973486743371686 0.00160696034359921 0.997898949474737 0.000458004907662589
logFW 4 30 continuous 1.5 5 0 -0.0559821027790539 0.00291055752648939 0.0878389756364896 0.00122958529682121 0.9631 0.00188516285768631 1 0
logFW 1 40 continuous 1.5 5 2e-04 -0.105486664122242 0.00297226771416877 0.0994446868284453 0.0012393691655536 0.974494898979796 0.00157669156003019 0.999899979995999 0.000100015001875108
logFW 4 40 continuous 1.5 5 0 -0.0259944393897492 0.00264113064317657 0.0704244460513758 0.00105977199645959 0.9633 0.00188024227162353 1 0
logFW 1 50 continuous 1.5 5 7e-04 -0.0622843942387345 0.00304771008686928 0.096690405207545 0.00123933888936256 0.976183328329831 0.00152531058566456 1 0
logFW 4 50 continuous 1.5 5 0 -0.024592083026418 0.00245606969374696 0.0609215216746607 0.00095118477568251 0.9592 0.00197826590730367 1 0
logFW 1 10 binary0.05 1.5 5 0 -0.984972571768717 0.00617771814153307 1.35177481729751 0.0136508279160706 0.9859 0.00117903307841638 0.0016 0.000399679871897498
logFW 4 10 binary0.05 1.5 5 0 -0.62932674775128 0.00898274297007317 1.20286817842793 0.0144584209358415 0.9647 0.00184537015257102 0.0914 0.00288177098326706
logFW 1 20 binary0.05 1.5 5 0 -0.608282989405914 0.00759189611848739 0.94631942505296 0.0133172943294558 0.9698 0.0017113725485703 0.0582 0.00234121250637357
logFW 4 20 binary0.05 1.5 5 0 -0.361410221941523 0.00823949499152115 0.809442236399123 0.0115537327043697 0.9519 0.00213977545550929 0.2724 0.00445194609131782
logFW 1 30 binary0.05 1.5 5 0 -0.399209287353755 0.0074570056133362 0.715381775350052 0.0103949698902026 0.9667 0.0017941881172274 0.1726 0.00377901098172525
logFW 4 30 binary0.05 1.5 5 0 -0.236474945724391 0.00721087819123561 0.575836046079438 0.00882027746474048 0.9483 0.00221420662992414 0.439 0.00496265050149615
logFW 1 40 binary0.05 1.5 5 0 -0.291236481753204 0.00718684762583383 0.601274825494719 0.00835617060017599 0.9629 0.00189006851727656 0.282 0.00449973332543163
logFW 4 40 binary0.05 1.5 5 0 -0.162508328196365 0.00641394274113496 0.437754432937267 0.00687487153144876 0.9479 0.00222228688517032 0.5835 0.0049297844780477
logFW 1 50 binary0.05 1.5 5 0 -0.215726426651852 0.00691750859781622 0.525009291239391 0.00718496146448877 0.9611 0.00193356639399841 0.4017 0.0049024188927508
logFW 4 50 binary0.05 1.5 5 0 -0.139740570873415 0.0056787179451186 0.341973554312648 0.00541832925916688 0.9506 0.0021670173049609 0.6873 0.00463593259226232
logFW 1 10 binary0.1 1.5 5 0 -0.810088327998557 0.00674310409768426 1.11089215842869 0.0131151795266363 0.981 0.00136524723035793 0.0113 0.00105699148530156
logFW 4 10 binary0.1 1.5 5 0 -0.387025639437039 0.00864940318367207 0.89783578774338 0.0123463593689009 0.962 0.0019119623427254 0.191 0.00393089048435593
logFW 1 20 binary0.1 1.5 5 0 -0.344201048809914 0.00782036968740649 0.729995024296856 0.010445940729834 0.9701 0.00170311449996763 0.1855 0.0038870264984947
logFW 4 20 binary0.1 1.5 5 0 -0.173865606565099 0.00713464396609813 0.539209791231532 0.00818416667195583 0.9522 0.00213342822705616 0.4815 0.0049965763278469
logFW 1 30 binary0.1 1.5 5 0 -0.168928755196497 0.00740418648572296 0.576701877508349 0.00787613659969414 0.9684 0.0017493267276298 0.3793 0.00485212850200817
logFW 4 30 binary0.1 1.5 5 0 -0.11122434383839 0.00592947302264167 0.363922199274308 0.00547570869607718 0.949 0.00219997727260988 0.6779 0.00467281061032865
logFW 1 40 binary0.1 1.5 5 0 -0.0884106660206291 0.00687294031330139 0.480142294059694 0.00669215815784165 0.9695 0.00171958570591872 0.5462 0.00497860984613175
logFW 4 40 binary0.1 1.5 5 0 -0.0782036741284879 0.00511433357318111 0.26765373721697 0.00415287317672026 0.9479 0.00222228688517032 0.816 0.00387484193225995
logFW 1 50 binary0.1 1.5 5 0 -0.0638588393148793 0.00643871905135186 0.418607524478036 0.00617399341532007 0.9607 0.00194307771331977 0.6709 0.00469886358601737
logFW 4 50 binary0.1 1.5 5 0 -0.0609362729705288 0.00452893482188699 0.208805224321924 0.0031346441241989 0.9505 0.00216909543358516 0.8987 0.00301725554105051
logFW 1 10 binary0.2 1.5 5 0 -0.634865709640164 0.0070250115712462 0.896512994250764 0.0122675950332665 0.9788 0.00144050546684141 0.0371 0.00189006851727656
logFW 4 10 binary0.2 1.5 5 0 -0.22748384067023 0.00816348055064359 0.718106402358741 0.0102545162362171 0.9592 0.00197826590730367 0.319 0.00466089047286031
logFW 1 20 binary0.2 1.5 5 0 -0.143759985142097 0.00773081252634842 0.618261791041194 0.00843600461598695 0.9729 0.0016237484411078 0.35 0.00476969600708473
logFW 4 20 binary0.2 1.5 5 0 -0.076044838456166 0.00630732834822858 0.403566943988611 0.00636589415924016 0.9495 0.00218974313562116 0.6668 0.00471357359123627
logFW 1 30 binary0.2 1.5 5 0 -0.0298023005305177 0.00702294807135316 0.49405685144653 0.00714332205380329 0.969 0.0017331762749357 0.58 0.00493558507170123
logFW 4 30 binary0.2 1.5 5 0 -0.0462642847002063 0.00513507198531728 0.265803658018431 0.00411796958035299 0.9493 0.00219384388687983 0.8515 0.00355594924035763
logFW 1 40 binary0.2 1.5 5 0 0.0108150649816781 0.0063143091921682 0.398782100872981 0.00631850935834082 0.9641 0.00186040828852164 0.7484 0.00433932529317635
logFW 4 40 binary0.2 1.5 5 0 -0.0379367271159095 0.00435393196206147 0.19098747384334 0.00288247719439667 0.9495 0.00218974313562116 0.9387 0.00239879782391097
logFW 1 50 binary0.2 1.5 5 0 0.0254260754261982 0.00579849869317088 0.33683873367153 0.00580949420811254 0.9601 0.0019572427033968 0.8571 0.00349970841642557
logFW 4 50 binary0.2 1.5 5 0 -0.0282139745700955 0.00391759879809842 0.15425648420932 0.00230914725378247 0.9494 0.00219179469841498 0.9748 0.00156732128167775
